Date,"Close Price"
"2017-12-21 00:00:00",16454.72
"2017-12-21 00:01:00",16480
"2017-12-21 00:02:00",16474.91
"2017-12-21 00:03:00",16476.72
"2017-12-21 00:04:00",16476.29
"2017-12-21 00:05:00",16486.88
"2017-12-21 00:06:00",16481.42
"2017-12-21 00:07:00",16470.41
"2017-12-21 00:08:00",16473.58
"2017-12-21 00:09:00",16473.78
"2017-12-21 00:10:00",16473.96
"2017-12-21 00:11:00",16471.98
"2017-12-21 00:12:00",16460.68
"2017-12-21 00:13:00",16447.03
"2017-12-21 00:14:00",16428.77
"2017-12-21 00:15:00",16414.45
"2017-12-21 00:16:00",16413.14
"2017-12-21 00:17:00",16401.38
"2017-12-21 00:18:00",16389.74
"2017-12-21 00:19:00",16388.35
"2017-12-21 00:20:00",16397.53
"2017-12-21 00:21:00",16394.4
"2017-12-21 00:22:00",16392.7
"2017-12-21 00:23:00",16424.97
"2017-12-21 00:24:00",16455.77
"2017-12-21 00:25:00",16467.34
"2017-12-21 00:26:00",16469.87
"2017-12-21 00:27:00",16477.45
"2017-12-21 00:28:00",16485.18
"2017-12-21 00:29:00",16500.18
"2017-12-21 00:30:00",16527.08
"2017-12-21 00:31:00",16554.05
"2017-12-21 00:32:00",16580.15
"2017-12-21 00:33:00",16586.49
"2017-12-21 00:34:00",16626.49
"2017-12-21 00:35:00",16660.14
"2017-12-21 00:36:00",16680.71
"2017-12-21 00:37:00",16685.01
"2017-12-21 00:38:00",16683.27
"2017-12-21 00:39:00",16691.6
"2017-12-21 00:40:00",16691.41
"2017-12-21 00:41:00",16699.83
"2017-12-21 00:42:00",16672.1
"2017-12-21 00:43:00",16604.69
"2017-12-21 00:44:00",16583.89
"2017-12-21 00:45:00",16585.62
"2017-12-21 00:46:00",16552.72
"2017-12-21 00:47:00",16551.88
"2017-12-21 00:48:00",16546.04
"2017-12-21 00:49:00",16610.67
"2017-12-21 00:50:00",16657.18
"2017-12-21 00:51:00",16714.78
"2017-12-21 00:52:00",16734.35
"2017-12-21 00:53:00",16719.97
"2017-12-21 00:54:00",16690.06
"2017-12-21 00:55:00",16698.57
"2017-12-21 00:56:00",16706.36
"2017-12-21 00:57:00",16688.02
"2017-12-21 00:58:00",16697.3
"2017-12-21 00:59:00",16705.22
"2017-12-21 01:00:00",16682.26
"2017-12-21 01:01:00",16672.29
"2017-12-21 01:02:00",16670.45
"2017-12-21 01:03:00",16650.91
"2017-12-21 01:04:00",16595.93
"2017-12-21 01:05:00",16591.4
"2017-12-21 01:06:00",16621.32
"2017-12-21 01:07:00",16610.24
"2017-12-21 01:08:00",16620.63
"2017-12-21 01:09:00",16606.05
"2017-12-21 01:10:00",16602.44
"2017-12-21 01:11:00",16570.78
"2017-12-21 01:12:00",16548.36
"2017-12-21 01:13:00",16493.59
"2017-12-21 01:14:00",16479.71
"2017-12-21 01:15:00",16480.86
"2017-12-21 01:16:00",16458.14
"2017-12-21 01:17:00",16425.12
"2017-12-21 01:18:00",16430.8
"2017-12-21 01:19:00",16434.09
"2017-12-21 01:20:00",16460.51
"2017-12-21 01:21:00",16461.58
"2017-12-21 01:22:00",16498.34
"2017-12-21 01:23:00",16476.61
"2017-12-21 01:24:00",16459.62
"2017-12-21 01:25:00",16464.51
"2017-12-21 01:26:00",16458.09
"2017-12-21 01:27:00",16443.32
"2017-12-21 01:28:00",16431.17
"2017-12-21 01:29:00",16420.48
"2017-12-21 01:30:00",16454.86
"2017-12-21 01:31:00",16483.01
"2017-12-21 01:32:00",16475.11
"2017-12-21 01:33:00",16470.97
"2017-12-21 01:34:00",16468.22
"2017-12-21 01:35:00",16485.6
"2017-12-21 01:36:00",16514.19
"2017-12-21 01:37:00",16542.36
"2017-12-21 01:38:00",16556.69
"2017-12-21 01:39:00",16577.42
"2017-12-21 01:40:00",16609.75
"2017-12-21 01:41:00",16623.21
"2017-12-21 01:42:00",16594.54
"2017-12-21 01:43:00",16590.17
"2017-12-21 01:44:00",16596.34
"2017-12-21 01:45:00",16595.71
"2017-12-21 01:46:00",16586.18
"2017-12-21 01:47:00",16585.53
"2017-12-21 01:48:00",16586.96
"2017-12-21 01:49:00",16591.73
"2017-12-21 01:50:00",16589.62
"2017-12-21 01:51:00",16588.02
"2017-12-21 01:52:00",16579.48
"2017-12-21 01:53:00",16576.46
"2017-12-21 01:54:00",16558.04
"2017-12-21 01:55:00",16547.5
"2017-12-21 01:56:00",16527.68
"2017-12-21 01:57:00",16512.08
"2017-12-21 01:58:00",16521.05
"2017-12-21 01:59:00",16535.38
"2017-12-21 02:00:00",16501.31
"2017-12-21 02:01:00",16490.68
"2017-12-21 02:02:00",16485.82
"2017-12-21 02:03:00",16486.93
"2017-12-21 02:04:00",16516.21
"2017-12-21 02:05:00",16546.55
"2017-12-21 02:06:00",16567.92
"2017-12-21 02:07:00",16597.17
"2017-12-21 02:08:00",16591.58
"2017-12-21 02:09:00",16570.1
"2017-12-21 02:10:00",16556.03
"2017-12-21 02:11:00",16566.43
"2017-12-21 02:12:00",16598.52
"2017-12-21 02:13:00",16603.74
"2017-12-21 02:14:00",16620.85
"2017-12-21 02:15:00",16610.48
"2017-12-21 02:16:00",16601.89
"2017-12-21 02:17:00",16594.37
"2017-12-21 02:18:00",16571.87
"2017-12-21 02:19:00",16568.13
"2017-12-21 02:20:00",16602.64
"2017-12-21 02:21:00",16573.48
"2017-12-21 02:22:00",16560.12
"2017-12-21 02:23:00",16542.35
"2017-12-21 02:24:00",16518.95
"2017-12-21 02:25:00",16497.29
"2017-12-21 02:26:00",16511.36
"2017-12-21 02:27:00",16515.21
"2017-12-21 02:28:00",16503.79
"2017-12-21 02:29:00",16497.82
"2017-12-21 02:30:00",16481.56
"2017-12-21 02:31:00",16463.5
"2017-12-21 02:32:00",16452.28
"2017-12-21 02:33:00",16458.59
"2017-12-21 02:34:00",16471.34
"2017-12-21 02:35:00",16459.71
"2017-12-21 02:36:00",16465.72
"2017-12-21 02:37:00",16455.68
"2017-12-21 02:38:00",16446.85
"2017-12-21 02:39:00",16442.29
"2017-12-21 02:40:00",16435.5
"2017-12-21 02:41:00",16423.62
"2017-12-21 02:42:00",16416.95
"2017-12-21 02:43:00",16425.12
"2017-12-21 02:44:00",16429.3
"2017-12-21 02:45:00",16425.14
"2017-12-21 02:46:00",16433.53
"2017-12-21 02:47:00",16443.3
"2017-12-21 02:48:00",16456.27
"2017-12-21 02:49:00",16475.39
"2017-12-21 02:50:00",16467.03
"2017-12-21 02:51:00",16439.87
"2017-12-21 02:52:00",16423.63
"2017-12-21 02:53:00",16401.06
"2017-12-21 02:54:00",16393.44
"2017-12-21 02:55:00",16361.97
"2017-12-21 02:56:00",16339.4
"2017-12-21 02:57:00",16362.87
"2017-12-21 02:58:00",16383.94
"2017-12-21 02:59:00",16386.29
"2017-12-21 03:00:00",16374.82
"2017-12-21 03:01:00",16350.34
"2017-12-21 03:02:00",16323.18
"2017-12-21 03:03:00",16266.89
"2017-12-21 03:04:00",16226
"2017-12-21 03:05:00",16188.87
"2017-12-21 03:06:00",16236.7
"2017-12-21 03:07:00",16261.8
"2017-12-21 03:08:00",16240.08
"2017-12-21 03:09:00",16197.49
"2017-12-21 03:10:00",16163.72
"2017-12-21 03:11:00",16145.85
"2017-12-21 03:12:00",16193.35
"2017-12-21 03:13:00",16197.41
"2017-12-21 03:14:00",16220
"2017-12-21 03:15:00",16224.26
"2017-12-21 03:16:00",16260.68
"2017-12-21 03:17:00",16232.42
"2017-12-21 03:18:00",16207.96
"2017-12-21 03:19:00",16228.35
"2017-12-21 03:20:00",16307.79
"2017-12-21 03:21:00",16346.99
"2017-12-21 03:22:00",16337.72
"2017-12-21 03:23:00",16332.44
"2017-12-21 03:24:00",16340.43
"2017-12-21 03:25:00",16359.47
"2017-12-21 03:26:00",16385.26
"2017-12-21 03:27:00",16383.21
"2017-12-21 03:28:00",16407.15
"2017-12-21 03:29:00",16399.62
"2017-12-21 03:30:00",16409.67
"2017-12-21 03:31:00",16423.66
"2017-12-21 03:32:00",16444.99
"2017-12-21 03:33:00",16475.21
"2017-12-21 03:34:00",16481
"2017-12-21 03:35:00",16452.96
"2017-12-21 03:36:00",16397.07
"2017-12-21 03:37:00",16420.94
"2017-12-21 03:38:00",16410.91
"2017-12-21 03:39:00",16418.91
"2017-12-21 03:40:00",16400.8
"2017-12-21 03:41:00",16402.03
"2017-12-21 03:42:00",16399.45
"2017-12-21 03:43:00",16401.08
"2017-12-21 03:44:00",16410.21
"2017-12-21 03:45:00",16463.04
"2017-12-21 03:46:00",16476.46
"2017-12-21 03:47:00",16515.94
"2017-12-21 03:48:00",16564.42
"2017-12-21 03:49:00",16595.54
"2017-12-21 03:50:00",16654.36
"2017-12-21 03:51:00",16686.12
"2017-12-21 03:52:00",16705.73
"2017-12-21 03:53:00",16701.08
"2017-12-21 03:54:00",16671.92
"2017-12-21 03:55:00",16672.68
"2017-12-21 03:56:00",16731.58
"2017-12-21 03:57:00",16807.59
"2017-12-21 03:58:00",16867.61
"2017-12-21 03:59:00",16934.95
"2017-12-21 04:00:00",16925.02
"2017-12-21 04:01:00",16938.82
"2017-12-21 04:02:00",16988.5
"2017-12-21 04:03:00",17033.45
"2017-12-21 04:04:00",17031.89
"2017-12-21 04:05:00",17030.28
"2017-12-21 04:06:00",16972.55
"2017-12-21 04:07:00",16918.49
"2017-12-21 04:08:00",16901.11
"2017-12-21 04:09:00",16869.29
"2017-12-21 04:10:00",16846.23
"2017-12-21 04:11:00",16865.64
"2017-12-21 04:12:00",16883.96
"2017-12-21 04:13:00",16906.49
"2017-12-21 04:14:00",16926.92
"2017-12-21 04:15:00",16927.23
"2017-12-21 04:16:00",16869.18
"2017-12-21 04:17:00",16862.28
"2017-12-21 04:18:00",16868.88
"2017-12-21 04:19:00",16831.01
"2017-12-21 04:20:00",16810.08
"2017-12-21 04:21:00",16816.4
"2017-12-21 04:22:00",16816.98
"2017-12-21 04:23:00",16812.01
"2017-12-21 04:24:00",16814.2
"2017-12-21 04:25:00",16825.72
"2017-12-21 04:26:00",16837.16
"2017-12-21 04:27:00",16878.92
"2017-12-21 04:28:00",16859.32
"2017-12-21 04:29:00",16860.17
"2017-12-21 04:30:00",16872.91
"2017-12-21 04:31:00",16882.67
"2017-12-21 04:32:00",16875.45
"2017-12-21 04:33:00",16880.95
"2017-12-21 04:34:00",16885.64
"2017-12-21 04:35:00",16892.61
"2017-12-21 04:36:00",16911.81
"2017-12-21 04:37:00",16910.98
"2017-12-21 04:38:00",16914.25
"2017-12-21 04:39:00",16946.58
"2017-12-21 04:40:00",16976.81
"2017-12-21 04:41:00",16993.01
"2017-12-21 04:42:00",17005.07
"2017-12-21 04:43:00",16997.44
"2017-12-21 04:44:00",17010.58
"2017-12-21 04:45:00",17041.51
"2017-12-21 04:46:00",17059.62
"2017-12-21 04:47:00",17078.31
"2017-12-21 04:48:00",17055.39
"2017-12-21 04:49:00",17009.6
"2017-12-21 04:50:00",16967.23
"2017-12-21 04:51:00",16957.86
"2017-12-21 04:52:00",16952.77
"2017-12-21 04:53:00",16979.22
"2017-12-21 04:54:00",16969.39
"2017-12-21 04:55:00",16943.59
"2017-12-21 04:56:00",16940.92
"2017-12-21 04:57:00",16941.3
"2017-12-21 04:58:00",16941.82
"2017-12-21 04:59:00",16926.43
"2017-12-21 05:00:00",16903.87
"2017-12-21 05:01:00",16909.31
"2017-12-21 05:02:00",16901.44
"2017-12-21 05:03:00",16898.9
"2017-12-21 05:04:00",16896.38
"2017-12-21 05:05:00",16876.58
"2017-12-21 05:06:00",16877.2
"2017-12-21 05:07:00",16870.62
"2017-12-21 05:08:00",16854.26
"2017-12-21 05:09:00",16844.24
"2017-12-21 05:10:00",16821.96
"2017-12-21 05:11:00",16822.76
"2017-12-21 05:12:00",16813.8
"2017-12-21 05:13:00",16804.53
"2017-12-21 05:14:00",16767.63
"2017-12-21 05:15:00",16768.71
"2017-12-21 05:16:00",16788.04
"2017-12-21 05:17:00",16820.44
"2017-12-21 05:18:00",16816.3
"2017-12-21 05:19:00",16825.33
"2017-12-21 05:20:00",16800.98
"2017-12-21 05:21:00",16777.48
"2017-12-21 05:22:00",16770.12
"2017-12-21 05:23:00",16761.94
"2017-12-21 05:24:00",16721.64
"2017-12-21 05:25:00",16685.38
"2017-12-21 05:26:00",16703.83
"2017-12-21 05:27:00",16675.7
"2017-12-21 05:28:00",16695.23
"2017-12-21 05:29:00",16685.11
"2017-12-21 05:30:00",16737.94
"2017-12-21 05:31:00",16741.87
"2017-12-21 05:32:00",16746.48
"2017-12-21 05:33:00",16768.98
"2017-12-21 05:34:00",16804.71
"2017-12-21 05:35:00",16817.11
"2017-12-21 05:36:00",16806.55
"2017-12-21 05:37:00",16803.65
"2017-12-21 05:38:00",16757.16
"2017-12-21 05:39:00",16775.01
"2017-12-21 05:40:00",16781.37
"2017-12-21 05:41:00",16807.58
"2017-12-21 05:42:00",16806.33
"2017-12-21 05:43:00",16805.94
"2017-12-21 05:44:00",16825.78
"2017-12-21 05:45:00",16842.17
"2017-12-21 05:46:00",16854.5
"2017-12-21 05:47:00",16856.76
"2017-12-21 05:48:00",16876.24
"2017-12-21 05:49:00",16880.29
"2017-12-21 05:50:00",16886.38
"2017-12-21 05:51:00",16876.09
"2017-12-21 05:52:00",16886.37
"2017-12-21 05:53:00",16897.71
"2017-12-21 05:54:00",16894.64
"2017-12-21 05:55:00",16886.43
"2017-12-21 05:56:00",16880.23
"2017-12-21 05:57:00",16861.47
"2017-12-21 05:58:00",16841.67
"2017-12-21 05:59:00",16801.07
"2017-12-21 06:00:00",16782.69
"2017-12-21 06:01:00",16765.65
"2017-12-21 06:02:00",16783.6
"2017-12-21 06:03:00",16794.86
"2017-12-21 06:04:00",16791.17
"2017-12-21 06:05:00",16800.05
"2017-12-21 06:06:00",16805.3
"2017-12-21 06:07:00",16807.38
"2017-12-21 06:08:00",16823.46
"2017-12-21 06:09:00",16825
"2017-12-21 06:10:00",16831.2
"2017-12-21 06:11:00",16843.93
"2017-12-21 06:12:00",16863.6
"2017-12-21 06:13:00",16886.19
"2017-12-21 06:14:00",16898.86
"2017-12-21 06:15:00",16929.79
"2017-12-21 06:16:00",16928.47
"2017-12-21 06:17:00",16921.43
"2017-12-21 06:18:00",16914.15
"2017-12-21 06:19:00",16920.95
"2017-12-21 06:20:00",16923.81
"2017-12-21 06:21:00",16927.25
"2017-12-21 06:22:00",16939.6
"2017-12-21 06:23:00",16932.9
"2017-12-21 06:24:00",16937.64
"2017-12-21 06:25:00",16929.35
"2017-12-21 06:26:00",16929.99
"2017-12-21 06:27:00",16923.87
"2017-12-21 06:28:00",16937.91
"2017-12-21 06:29:00",16946.56
"2017-12-21 06:30:00",16937.42
"2017-12-21 06:31:00",16947.79
"2017-12-21 06:32:00",16983.12
"2017-12-21 06:33:00",16996.62
"2017-12-21 06:34:00",17019.27
"2017-12-21 06:35:00",17011.96
"2017-12-21 06:36:00",17004.1
"2017-12-21 06:37:00",17005.01
"2017-12-21 06:38:00",17023.34
"2017-12-21 06:39:00",17037.96
"2017-12-21 06:40:00",17044.99
"2017-12-21 06:41:00",17038.3
"2017-12-21 06:42:00",17041.34
"2017-12-21 06:43:00",17044.74
"2017-12-21 06:44:00",17047.22
"2017-12-21 06:45:00",17045.6
"2017-12-21 06:46:00",17050.91
"2017-12-21 06:47:00",17051.95
"2017-12-21 06:48:00",17062.8
"2017-12-21 06:49:00",17075.02
"2017-12-21 06:50:00",17099.84
"2017-12-21 06:51:00",17087.29
"2017-12-21 06:52:00",17098.61
"2017-12-21 06:53:00",17112.39
"2017-12-21 06:54:00",17146.19
"2017-12-21 06:55:00",17169.44
"2017-12-21 06:56:00",17159.18
"2017-12-21 06:57:00",17181.75
"2017-12-21 06:58:00",17182.75
"2017-12-21 06:59:00",17177.42
"2017-12-21 07:00:00",17183.57
"2017-12-21 07:01:00",17192.01
"2017-12-21 07:02:00",17214.34
"2017-12-21 07:03:00",17224.66
"2017-12-21 07:04:00",17221.4
"2017-12-21 07:05:00",17214.74
"2017-12-21 07:06:00",17219.29
"2017-12-21 07:07:00",17205.01
"2017-12-21 07:08:00",17203.62
"2017-12-21 07:09:00",17213.71
"2017-12-21 07:10:00",17220.62
"2017-12-21 07:11:00",17238.16
"2017-12-21 07:12:00",17259.82
"2017-12-21 07:13:00",17272.31
"2017-12-21 07:14:00",17290.16
"2017-12-21 07:15:00",17286.61
"2017-12-21 07:16:00",17298.45
"2017-12-21 07:17:00",17301.21
"2017-12-21 07:18:00",17287.31
"2017-12-21 07:19:00",17267.86
"2017-12-21 07:20:00",17267.85
"2017-12-21 07:21:00",17241.49
"2017-12-21 07:22:00",17190.61
"2017-12-21 07:23:00",17190.99
"2017-12-21 07:24:00",17162.77
"2017-12-21 07:25:00",17110.05
"2017-12-21 07:26:00",17087.04
"2017-12-21 07:27:00",17051.42
"2017-12-21 07:28:00",17032.1
"2017-12-21 07:29:00",17016.86
"2017-12-21 07:30:00",17006.44
"2017-12-21 07:31:00",16975.26
"2017-12-21 07:32:00",16947.76
"2017-12-21 07:33:00",16954.58
"2017-12-21 07:34:00",16955.89
"2017-12-21 07:35:00",16964.35
"2017-12-21 07:36:00",16986.9
"2017-12-21 07:37:00",17013.61
"2017-12-21 07:38:00",17031.05
"2017-12-21 07:39:00",17031.71
"2017-12-21 07:40:00",17014.58
"2017-12-21 07:41:00",17009.45
"2017-12-21 07:42:00",17004.07
"2017-12-21 07:43:00",16992.1
"2017-12-21 07:44:00",16988.49
"2017-12-21 07:45:00",16983.02
"2017-12-21 07:46:00",16997.45
"2017-12-21 07:47:00",17019.97
"2017-12-21 07:48:00",17067.58
"2017-12-21 07:49:00",17092.9
"2017-12-21 07:50:00",17085.15
"2017-12-21 07:51:00",17052.66
"2017-12-21 07:52:00",17053.72
"2017-12-21 07:53:00",17075.14
"2017-12-21 07:54:00",17099.52
"2017-12-21 07:55:00",17108.25
"2017-12-21 07:56:00",17118.79
"2017-12-21 07:57:00",17118.41
"2017-12-21 07:58:00",17125.51
"2017-12-21 07:59:00",17124.6
"2017-12-21 08:00:00",17093.3
"2017-12-21 08:01:00",17077.52
"2017-12-21 08:02:00",17060.6
"2017-12-21 08:03:00",17051.61
"2017-12-21 08:04:00",17027.49
"2017-12-21 08:05:00",16985.83
"2017-12-21 08:06:00",17005.48
"2017-12-21 08:07:00",17010.98
"2017-12-21 08:08:00",17003.99
"2017-12-21 08:09:00",16951.32
"2017-12-21 08:10:00",16900.22
"2017-12-21 08:11:00",16870.09
"2017-12-21 08:12:00",16856.72
"2017-12-21 08:13:00",16828.18
"2017-12-21 08:14:00",16777.52
"2017-12-21 08:15:00",16776.22
"2017-12-21 08:16:00",16805.29
"2017-12-21 08:17:00",16837.21
"2017-12-21 08:18:00",16850.47
"2017-12-21 08:19:00",16844.59
"2017-12-21 08:20:00",16849.59
"2017-12-21 08:21:00",16856.27
"2017-12-21 08:22:00",16823.87
"2017-12-21 08:23:00",16842.25
"2017-12-21 08:24:00",16820.61
"2017-12-21 08:25:00",16806.09
"2017-12-21 08:26:00",16789.34
"2017-12-21 08:27:00",16785.41
"2017-12-21 08:28:00",16765.31
"2017-12-21 08:29:00",16763.41
"2017-12-21 08:30:00",16751.1
"2017-12-21 08:31:00",16767.4
"2017-12-21 08:32:00",16761.98
"2017-12-21 08:33:00",16761.31
"2017-12-21 08:34:00",16762.62
"2017-12-21 08:35:00",16775.24
"2017-12-21 08:36:00",16776.74
"2017-12-21 08:37:00",16813.08
"2017-12-21 08:38:00",16891
"2017-12-21 08:39:00",16924.86
"2017-12-21 08:40:00",16929.97
"2017-12-21 08:41:00",16919.42
"2017-12-21 08:42:00",16905.25
"2017-12-21 08:43:00",16895.29
"2017-12-21 08:44:00",16897.67
"2017-12-21 08:45:00",16878.02
"2017-12-21 08:46:00",16863.91
"2017-12-21 08:47:00",16859.3
"2017-12-21 08:48:00",16859.53
"2017-12-21 08:49:00",16854.66
"2017-12-21 08:50:00",16850.82
"2017-12-21 08:51:00",16849.8
"2017-12-21 08:52:00",16844.5
"2017-12-21 08:53:00",16839.31
"2017-12-21 08:54:00",16833.95
"2017-12-21 08:55:00",16830.33
"2017-12-21 08:56:00",16817.77
"2017-12-21 08:57:00",16809.45
"2017-12-21 08:58:00",16799.86
"2017-12-21 08:59:00",16797.38
"2017-12-21 09:00:00",16802.7
"2017-12-21 09:01:00",16781.94
"2017-12-21 09:02:00",16780.86
"2017-12-21 09:03:00",16773.14
"2017-12-21 09:04:00",16782.62
"2017-12-21 09:05:00",16806.74
"2017-12-21 09:06:00",16843.83
"2017-12-21 09:07:00",16892.16
"2017-12-21 09:08:00",16886.1
"2017-12-21 09:09:00",16899.73
"2017-12-21 09:10:00",16933.76
"2017-12-21 09:11:00",16919.49
"2017-12-21 09:12:00",16915.31
"2017-12-21 09:13:00",16902.39
"2017-12-21 09:14:00",16891.83
"2017-12-21 09:15:00",16876.96
"2017-12-21 09:16:00",16841.25
"2017-12-21 09:17:00",16837.64
"2017-12-21 09:18:00",16843.24
"2017-12-21 09:19:00",16831.45
"2017-12-21 09:20:00",16841.47
"2017-12-21 09:21:00",16849.1
"2017-12-21 09:22:00",16848.37
"2017-12-21 09:23:00",16837.94
"2017-12-21 09:24:00",16850.81
"2017-12-21 09:25:00",16864.47
"2017-12-21 09:26:00",16872.66
"2017-12-21 09:27:00",16876.48
"2017-12-21 09:28:00",16870.4
"2017-12-21 09:29:00",16872.93
"2017-12-21 09:30:00",16877.89
"2017-12-21 09:31:00",16888.63
"2017-12-21 09:32:00",16901.5
"2017-12-21 09:33:00",16905.33
"2017-12-21 09:34:00",16907.66
"2017-12-21 09:35:00",16893.89
"2017-12-21 09:36:00",16900.12
"2017-12-21 09:37:00",16899.58
"2017-12-21 09:38:00",16902.95
"2017-12-21 09:39:00",16902.64
"2017-12-21 09:40:00",16901.94
"2017-12-21 09:41:00",16901.58
"2017-12-21 09:42:00",16907.28
"2017-12-21 09:43:00",16923.04
"2017-12-21 09:44:00",16911.45
"2017-12-21 09:45:00",16905.51
"2017-12-21 09:46:00",16911.74
"2017-12-21 09:47:00",16921.84
"2017-12-21 09:48:00",16919.59
"2017-12-21 09:49:00",16903.75
"2017-12-21 09:50:00",16904.1
"2017-12-21 09:51:00",16897.58
"2017-12-21 09:52:00",16874.32
"2017-12-21 09:53:00",16865.57
"2017-12-21 09:54:00",16853.22
"2017-12-21 09:55:00",16834.57
"2017-12-21 09:56:00",16822.64
"2017-12-21 09:57:00",16821.88
"2017-12-21 09:58:00",16816.1
"2017-12-21 09:59:00",16819.53
"2017-12-21 10:00:00",16817.15
"2017-12-21 10:01:00",16807.3
"2017-12-21 10:02:00",16797.35
"2017-12-21 10:03:00",16755.84
"2017-12-21 10:04:00",16733.54
"2017-12-21 10:05:00",16728.34
"2017-12-21 10:06:00",16710.07
"2017-12-21 10:07:00",16703.62
"2017-12-21 10:08:00",16696.51
"2017-12-21 10:09:00",16675.05
"2017-12-21 10:10:00",16648.74
"2017-12-21 10:11:00",16622.87
"2017-12-21 10:12:00",16625.23
"2017-12-21 10:13:00",16631.3
"2017-12-21 10:14:00",16636.93
"2017-12-21 10:15:00",16620.4
"2017-12-21 10:16:00",16619.96
"2017-12-21 10:17:00",16604.89
"2017-12-21 10:18:00",16610.4
"2017-12-21 10:19:00",16618.96
"2017-12-21 10:20:00",16617.18
"2017-12-21 10:21:00",16598.51
"2017-12-21 10:22:00",16584.52
"2017-12-21 10:23:00",16558.3
"2017-12-21 10:24:00",16541.73
"2017-12-21 10:25:00",16540.7
"2017-12-21 10:26:00",16556.28
"2017-12-21 10:27:00",16555.67
"2017-12-21 10:28:00",16570.49
"2017-12-21 10:29:00",16576.32
"2017-12-21 10:30:00",16581.26
"2017-12-21 10:31:00",16602.42
"2017-12-21 10:32:00",16612.99
"2017-12-21 10:33:00",16600.09
"2017-12-21 10:34:00",16583.6
"2017-12-21 10:35:00",16558.89
"2017-12-21 10:36:00",16547.51
"2017-12-21 10:37:00",16554.61
"2017-12-21 10:38:00",16545.53
"2017-12-21 10:39:00",16529.33
"2017-12-21 10:40:00",16521.67
"2017-12-21 10:41:00",16509.97
"2017-12-21 10:42:00",16502.69
"2017-12-21 10:43:00",16486.05
"2017-12-21 10:44:00",16484.66
"2017-12-21 10:45:00",16489.34
"2017-12-21 10:46:00",16487.62
"2017-12-21 10:47:00",16485.38
"2017-12-21 10:48:00",16514.75
"2017-12-21 10:49:00",16524.13
"2017-12-21 10:50:00",16532.07
"2017-12-21 10:51:00",16524.59
"2017-12-21 10:52:00",16499.93
"2017-12-21 10:53:00",16504.61
"2017-12-21 10:54:00",16525.67
"2017-12-21 10:55:00",16580.07
"2017-12-21 10:56:00",16602.95
"2017-12-21 10:57:00",16624.39
"2017-12-21 10:58:00",16614.99
"2017-12-21 10:59:00",16591.26
"2017-12-21 11:00:00",16598.77
"2017-12-21 11:01:00",16664.71
"2017-12-21 11:02:00",16695.29
"2017-12-21 11:03:00",16692.05
"2017-12-21 11:04:00",16714.1
"2017-12-21 11:05:00",16721.07
"2017-12-21 11:06:00",16726.31
"2017-12-21 11:07:00",16735.88
"2017-12-21 11:08:00",16726.4
"2017-12-21 11:09:00",16731.56
"2017-12-21 11:10:00",16727.61
"2017-12-21 11:11:00",16713.48
"2017-12-21 11:12:00",16674.93
"2017-12-21 11:13:00",16670.99
"2017-12-21 11:14:00",16664.43
"2017-12-21 11:15:00",16666.8
"2017-12-21 11:16:00",16678.51
"2017-12-21 11:17:00",16672.83
"2017-12-21 11:18:00",16671.77
"2017-12-21 11:19:00",16664.3
"2017-12-21 11:20:00",16659.41
"2017-12-21 11:21:00",16659.27
"2017-12-21 11:22:00",16647.2
"2017-12-21 11:23:00",16640.55
"2017-12-21 11:24:00",16643.26
"2017-12-21 11:25:00",16634.67
"2017-12-21 11:26:00",16611.01
"2017-12-21 11:27:00",16610.06
"2017-12-21 11:28:00",16599.94
"2017-12-21 11:29:00",16597.64
"2017-12-21 11:30:00",16590.25
"2017-12-21 11:31:00",16590.84
"2017-12-21 11:32:00",16585.4
"2017-12-21 11:33:00",16597.83
"2017-12-21 11:34:00",16587.17
"2017-12-21 11:35:00",16583.96
"2017-12-21 11:36:00",16588.72
"2017-12-21 11:37:00",16585.65
"2017-12-21 11:38:00",16590.45
"2017-12-21 11:39:00",16577.62
"2017-12-21 11:40:00",16566.41
"2017-12-21 11:41:00",16531
"2017-12-21 11:42:00",16514.92
"2017-12-21 11:43:00",16508.45
"2017-12-21 11:44:00",16495.89
"2017-12-21 11:45:00",16502.67
"2017-12-21 11:46:00",16488.17
"2017-12-21 11:47:00",16489.89
"2017-12-21 11:48:00",16490.83
"2017-12-21 11:49:00",16503.41
"2017-12-21 11:50:00",16538.3
"2017-12-21 11:51:00",16583.05
"2017-12-21 11:52:00",16625.82
"2017-12-21 11:53:00",16634.43
"2017-12-21 11:54:00",16662.3
"2017-12-21 11:55:00",16646.32
"2017-12-21 11:56:00",16683.75
"2017-12-21 11:57:00",16706.21
"2017-12-21 11:58:00",16689.08
"2017-12-21 11:59:00",16653.28
"2017-12-21 12:00:00",16642.89
"2017-12-21 12:01:00",16665.75
"2017-12-21 12:02:00",16685.23
"2017-12-21 12:03:00",16717.41
"2017-12-21 12:04:00",16722.19
"2017-12-21 12:05:00",16720.44
"2017-12-21 12:06:00",16730.67
"2017-12-21 12:07:00",16728.93
"2017-12-21 12:08:00",16721.8
"2017-12-21 12:09:00",16717.87
"2017-12-21 12:10:00",16698.61
"2017-12-21 12:11:00",16705.27
"2017-12-21 12:12:00",16710.86
"2017-12-21 12:13:00",16722.28
"2017-12-21 12:14:00",16707.33
"2017-12-21 12:15:00",16702.06
"2017-12-21 12:16:00",16698.02
"2017-12-21 12:17:00",16689.63
"2017-12-21 12:18:00",16662.51
"2017-12-21 12:19:00",16654.93
"2017-12-21 12:20:00",16670.85
"2017-12-21 12:21:00",16679.38
"2017-12-21 12:22:00",16689.4
"2017-12-21 12:23:00",16691.56
"2017-12-21 12:24:00",16712.92
"2017-12-21 12:25:00",16734.88
"2017-12-21 12:26:00",16729.24
"2017-12-21 12:27:00",16753.96
"2017-12-21 12:28:00",16801.61
"2017-12-21 12:29:00",16806.46
"2017-12-21 12:30:00",16789.46
"2017-12-21 12:31:00",16768.01
"2017-12-21 12:32:00",16770.68
"2017-12-21 12:33:00",16763.47
"2017-12-21 12:34:00",16742.09
"2017-12-21 12:35:00",16752.58
"2017-12-21 12:36:00",16771.56
"2017-12-21 12:37:00",16763.33
"2017-12-21 12:38:00",16765.82
"2017-12-21 12:39:00",16762.59
"2017-12-21 12:40:00",16757.69
"2017-12-21 12:41:00",16759.87
"2017-12-21 12:42:00",16750.63
"2017-12-21 12:43:00",16755.04
"2017-12-21 12:44:00",16747.18
"2017-12-21 12:45:00",16746.55
"2017-12-21 12:46:00",16745.19
"2017-12-21 12:47:00",16763.66
"2017-12-21 12:48:00",16781.04
"2017-12-21 12:49:00",16776.78
"2017-12-21 12:50:00",16780.68
"2017-12-21 12:51:00",16778.02
"2017-12-21 12:52:00",16776.02
"2017-12-21 12:53:00",16772.71
"2017-12-21 12:54:00",16753.34
"2017-12-21 12:55:00",16741.35
"2017-12-21 12:56:00",16732.02
"2017-12-21 12:57:00",16719.11
"2017-12-21 12:58:00",16689.21
"2017-12-21 12:59:00",16681.4
"2017-12-21 13:00:00",16670.98
"2017-12-21 13:01:00",16641.15
"2017-12-21 13:02:00",16635.14
"2017-12-21 13:03:00",16645.79
"2017-12-21 13:04:00",16667.06
"2017-12-21 13:05:00",16657.69
"2017-12-21 13:06:00",16650.46
"2017-12-21 13:07:00",16623.78
"2017-12-21 13:08:00",16622.66
"2017-12-21 13:09:00",16647.35
"2017-12-21 13:10:00",16652.23
"2017-12-21 13:11:00",16681.47
"2017-12-21 13:12:00",16693.26
"2017-12-21 13:13:00",16699.01
"2017-12-21 13:14:00",16683.56
"2017-12-21 13:15:00",16689.85
"2017-12-21 13:16:00",16672.75
"2017-12-21 13:17:00",16620.96
"2017-12-21 13:18:00",16623.12
"2017-12-21 13:19:00",16613.16
"2017-12-21 13:20:00",16589.91
"2017-12-21 13:21:00",16581.68
"2017-12-21 13:22:00",16585.8
"2017-12-21 13:23:00",16586.78
"2017-12-21 13:24:00",16590.48
"2017-12-21 13:25:00",16571.38
"2017-12-21 13:26:00",16565.54
"2017-12-21 13:27:00",16569.76
"2017-12-21 13:28:00",16571.18
"2017-12-21 13:29:00",16554.48
"2017-12-21 13:30:00",16552.63
"2017-12-21 13:31:00",16555.09
"2017-12-21 13:32:00",16573.46
"2017-12-21 13:33:00",16577.35
"2017-12-21 13:34:00",16575.85
"2017-12-21 13:35:00",16565.85
"2017-12-21 13:36:00",16544.85
"2017-12-21 13:37:00",16530.43
"2017-12-21 13:38:00",16507.16
"2017-12-21 13:39:00",16464.71
"2017-12-21 13:40:00",16412.76
"2017-12-21 13:41:00",16406.04
"2017-12-21 13:42:00",16396.11
"2017-12-21 13:43:00",16386.71
"2017-12-21 13:44:00",16365.08
"2017-12-21 13:45:00",16341.84
"2017-12-21 13:46:00",16320.57
"2017-12-21 13:47:00",16308.83
"2017-12-21 13:48:00",16306.96
"2017-12-21 13:49:00",16299.94
"2017-12-21 13:50:00",16298.65
"2017-12-21 13:51:00",16292.43
"2017-12-21 13:52:00",16290.8
"2017-12-21 13:53:00",16258.19
"2017-12-21 13:54:00",16223.72
"2017-12-21 13:55:00",16190.06
"2017-12-21 13:56:00",16188.49
"2017-12-21 13:57:00",16245.2
"2017-12-21 13:58:00",16247.5
"2017-12-21 13:59:00",16259.27
"2017-12-21 14:00:00",16219.63
"2017-12-21 14:01:00",16220.95
"2017-12-21 14:02:00",16213.96
"2017-12-21 14:03:00",16202.83
"2017-12-21 14:04:00",16200.35
"2017-12-21 14:05:00",16207.96
"2017-12-21 14:06:00",16214.46
"2017-12-21 14:07:00",16260.52
"2017-12-21 14:08:00",16271.69
"2017-12-21 14:09:00",16290.77
"2017-12-21 14:10:00",16315.24
"2017-12-21 14:11:00",16322.11
"2017-12-21 14:12:00",16321.82
"2017-12-21 14:13:00",16315.36
"2017-12-21 14:14:00",16325.08
"2017-12-21 14:15:00",16335.45
"2017-12-21 14:16:00",16352.78
"2017-12-21 14:17:00",16378.69
"2017-12-21 14:18:00",16411.58
"2017-12-21 14:19:00",16410.66
"2017-12-21 14:20:00",16380.92
"2017-12-21 14:21:00",16338.67
"2017-12-21 14:22:00",16314.77
"2017-12-21 14:23:00",16302.97
"2017-12-21 14:24:00",16310.78
"2017-12-21 14:25:00",16316.24
"2017-12-21 14:26:00",16338.59
"2017-12-21 14:27:00",16353.69
"2017-12-21 14:28:00",16350.19
"2017-12-21 14:29:00",16343.71
"2017-12-21 14:30:00",16339.12
"2017-12-21 14:31:00",16340.8
"2017-12-21 14:32:00",16347.5
"2017-12-21 14:33:00",16373.94
"2017-12-21 14:34:00",16372.52
"2017-12-21 14:35:00",16381.73
"2017-12-21 14:36:00",16384.07
"2017-12-21 14:37:00",16391.91
"2017-12-21 14:38:00",16391.17
"2017-12-21 14:39:00",16362.92
"2017-12-21 14:40:00",16316.29
"2017-12-21 14:41:00",16264.53
"2017-12-21 14:42:00",16215.58
"2017-12-21 14:43:00",16191.16
"2017-12-21 14:44:00",16175.46
"2017-12-21 14:45:00",16150.18
"2017-12-21 14:46:00",16123.42
"2017-12-21 14:47:00",16086.81
"2017-12-21 14:48:00",16082.69
"2017-12-21 14:49:00",16110.65
"2017-12-21 14:50:00",16166.47
"2017-12-21 14:51:00",16231.38
"2017-12-21 14:52:00",16191.97
"2017-12-21 14:53:00",16158.93
"2017-12-21 14:54:00",16120.14
"2017-12-21 14:55:00",16073.84
"2017-12-21 14:56:00",16068.14
"2017-12-21 14:57:00",16077.23
"2017-12-21 14:58:00",16054.67
"2017-12-21 14:59:00",16033.56
"2017-12-21 15:00:00",16004.75
"2017-12-21 15:01:00",15991.53
"2017-12-21 15:02:00",16009.7
"2017-12-21 15:03:00",16035.12
"2017-12-21 15:04:00",16037.67
"2017-12-21 15:05:00",15992.44
"2017-12-21 15:06:00",15966.64
"2017-12-21 15:07:00",15919.84
"2017-12-21 15:08:00",15880.89
"2017-12-21 15:09:00",15825.67
"2017-12-21 15:10:00",15806.27
"2017-12-21 15:11:00",15804.79
"2017-12-21 15:12:00",15768.91
"2017-12-21 15:13:00",15711
"2017-12-21 15:14:00",15669.62
"2017-12-21 15:15:00",15746.3
"2017-12-21 15:16:00",15852.21
"2017-12-21 15:17:00",15889.18
"2017-12-21 15:18:00",15952.91
"2017-12-21 15:19:00",15918.28
"2017-12-21 15:20:00",15923.44
"2017-12-21 15:21:00",15925.64
"2017-12-21 15:22:00",15933.87
"2017-12-21 15:23:00",15916.63
"2017-12-21 15:24:00",15845.59
"2017-12-21 15:25:00",15781.74
"2017-12-21 15:26:00",15796.81
"2017-12-21 15:27:00",15844.72
"2017-12-21 15:28:00",15868.72
"2017-12-21 15:29:00",15867.91
"2017-12-21 15:30:00",15872.72
"2017-12-21 15:31:00",15838.09
"2017-12-21 15:32:00",15758.82
"2017-12-21 15:33:00",15693.98
"2017-12-21 15:34:00",15578.56
"2017-12-21 15:35:00",15540.71
"2017-12-21 15:36:00",15488.45
"2017-12-21 15:37:00",15484.92
"2017-12-21 15:38:00",15565.04
"2017-12-21 15:39:00",15677.24
"2017-12-21 15:40:00",15802.54
"2017-12-21 15:41:00",15793.63
"2017-12-21 15:42:00",15750.54
"2017-12-21 15:43:00",15733.92
"2017-12-21 15:44:00",15770.52
"2017-12-21 15:45:00",15807.1
"2017-12-21 15:46:00",15737.93
"2017-12-21 15:47:00",15635.65
"2017-12-21 15:48:00",15579.61
"2017-12-21 15:49:00",15469.9
"2017-12-21 15:50:00",15354.57
"2017-12-21 15:51:00",15314.3
"2017-12-21 15:52:00",15353.63
"2017-12-21 15:53:00",15419.16
"2017-12-21 15:54:00",15400.38
"2017-12-21 15:55:00",15380.16
"2017-12-21 15:56:00",15371.66
"2017-12-21 15:57:00",15441.51
"2017-12-21 15:58:00",15497.8
"2017-12-21 15:59:00",15492.97
"2017-12-21 16:00:00",15515.56
"2017-12-21 16:01:00",15549.52
"2017-12-21 16:02:00",15583.83
"2017-12-21 16:03:00",15552.67
"2017-12-21 16:04:00",15472.07
"2017-12-21 16:05:00",15411
"2017-12-21 16:06:00",15402.68
"2017-12-21 16:07:00",15450.32
"2017-12-21 16:08:00",15509.47
"2017-12-21 16:09:00",15534.4
"2017-12-21 16:10:00",15488.24
"2017-12-21 16:11:00",15534.16
"2017-12-21 16:12:00",15563.97
"2017-12-21 16:13:00",15657.19
"2017-12-21 16:14:00",15729.06
"2017-12-21 16:15:00",15738.75
"2017-12-21 16:16:00",15753.87
"2017-12-21 16:17:00",15664.53
"2017-12-21 16:18:00",15648.98
"2017-12-21 16:19:00",15663.36
"2017-12-21 16:20:00",15659.6
"2017-12-21 16:21:00",15682.36
"2017-12-21 16:22:00",15678.83
"2017-12-21 16:23:00",15725.38
"2017-12-21 16:24:00",15781.36
"2017-12-21 16:25:00",15814.82
"2017-12-21 16:26:00",15780.49
"2017-12-21 16:27:00",15731.99
"2017-12-21 16:28:00",15773.79
"2017-12-21 16:29:00",15711.74
"2017-12-21 16:30:00",15668.99
"2017-12-21 16:31:00",15650.76
"2017-12-21 16:32:00",15571.98
"2017-12-21 16:33:00",15556.15
"2017-12-21 16:34:00",15610.41
"2017-12-21 16:35:00",15635.04
"2017-12-21 16:36:00",15633.86
"2017-12-21 16:37:00",15562.38
"2017-12-21 16:38:00",15540.34
"2017-12-21 16:39:00",15496.92
"2017-12-21 16:40:00",15464.14
"2017-12-21 16:41:00",15506.93
"2017-12-21 16:42:00",15533.94
"2017-12-21 16:43:00",15584.7
"2017-12-21 16:44:00",15540.04
"2017-12-21 16:45:00",15563.02
"2017-12-21 16:46:00",15550.48
"2017-12-21 16:47:00",15590.53
"2017-12-21 16:48:00",15622.08
"2017-12-21 16:49:00",15670.88
"2017-12-21 16:50:00",15734.51
"2017-12-21 16:51:00",15832.59
"2017-12-21 16:52:00",15828.09
"2017-12-21 16:53:00",15793.7
"2017-12-21 16:54:00",15733.4
"2017-12-21 16:55:00",15789.34
"2017-12-21 16:56:00",15751.38
"2017-12-21 16:57:00",15776.8
"2017-12-21 16:58:00",15752.19
"2017-12-21 16:59:00",15742.2
"2017-12-21 17:00:00",15694.83
"2017-12-21 17:01:00",15675.3
"2017-12-21 17:02:00",15672.07
"2017-12-21 17:03:00",15648.59
"2017-12-21 17:04:00",15655.66
"2017-12-21 17:05:00",15706.56
"2017-12-21 17:06:00",15746.1
"2017-12-21 17:07:00",15730.35
"2017-12-21 17:08:00",15738.66
"2017-12-21 17:09:00",15730.64
"2017-12-21 17:10:00",15701.73
"2017-12-21 17:11:00",15683.41
"2017-12-21 17:12:00",15675.06
"2017-12-21 17:13:00",15658.54
"2017-12-21 17:14:00",15597.29
"2017-12-21 17:15:00",15512.18
"2017-12-21 17:16:00",15479.99
"2017-12-21 17:17:00",15501.59
"2017-12-21 17:18:00",15500.28
"2017-12-21 17:19:00",15503.74
"2017-12-21 17:20:00",15483.44
"2017-12-21 17:21:00",15492.86
"2017-12-21 17:22:00",15503.03
"2017-12-21 17:23:00",15530.98
"2017-12-21 17:24:00",15573.38
"2017-12-21 17:25:00",15544.52
"2017-12-21 17:26:00",15556.76
"2017-12-21 17:27:00",15579.51
"2017-12-21 17:28:00",15563.75
"2017-12-21 17:29:00",15514.06
"2017-12-21 17:30:00",15469.65
"2017-12-21 17:31:00",15401.5
"2017-12-21 17:32:00",15383.18
"2017-12-21 17:33:00",15376.82
"2017-12-21 17:34:00",15387.68
"2017-12-21 17:35:00",15406.17
"2017-12-21 17:36:00",15379.89
"2017-12-21 17:37:00",15338.52
"2017-12-21 17:38:00",15278.77
"2017-12-21 17:39:00",15201.94
"2017-12-21 17:40:00",15180.72
"2017-12-21 17:41:00",15097.22
"2017-12-21 17:42:00",15095.48
"2017-12-21 17:43:00",15209.17
"2017-12-21 17:44:00",15240.75
"2017-12-21 17:45:00",15175.35
"2017-12-21 17:46:00",15083.98
"2017-12-21 17:47:00",15081.5
"2017-12-21 17:48:00",15118.04
"2017-12-21 17:49:00",15099.77
"2017-12-21 17:50:00",15085.43
"2017-12-21 17:51:00",15140.6
"2017-12-21 17:52:00",15216.89
"2017-12-21 17:53:00",15288.93
"2017-12-21 17:54:00",15289.29
"2017-12-21 17:55:00",15240.47
"2017-12-21 17:56:00",15247.72
"2017-12-21 17:57:00",15320.52
"2017-12-21 17:58:00",15332.46
"2017-12-21 17:59:00",15370.22
"2017-12-21 18:00:00",15369.64
"2017-12-21 18:01:00",15345.49
"2017-12-21 18:02:00",15285.51
"2017-12-21 18:03:00",15255.09
"2017-12-21 18:04:00",15295.43
"2017-12-21 18:05:00",15354.81
"2017-12-21 18:06:00",15381.77
"2017-12-21 18:07:00",15340.78
"2017-12-21 18:08:00",15346.47
"2017-12-21 18:09:00",15338.39
"2017-12-21 18:10:00",15329.51
"2017-12-21 18:11:00",15342.32
"2017-12-21 18:12:00",15335.21
"2017-12-21 18:13:00",15319.34
"2017-12-21 18:14:00",15265.77
"2017-12-21 18:15:00",15247.08
"2017-12-21 18:16:00",15267.44
"2017-12-21 18:17:00",15313.42
"2017-12-21 18:18:00",15340.22
"2017-12-21 18:19:00",15377.69
"2017-12-21 18:20:00",15378.93
"2017-12-21 18:21:00",15389.08
"2017-12-21 18:22:00",15389.49
"2017-12-21 18:23:00",15419.18
"2017-12-21 18:24:00",15472.06
"2017-12-21 18:25:00",15503.21
"2017-12-21 18:26:00",15496.24
"2017-12-21 18:27:00",15513.72
"2017-12-21 18:28:00",15495.98
"2017-12-21 18:29:00",15465.84
"2017-12-21 18:30:00",15466.84
"2017-12-21 18:31:00",15462.58
"2017-12-21 18:32:00",15449.7
"2017-12-21 18:33:00",15450.06
"2017-12-21 18:34:00",15421.81
"2017-12-21 18:35:00",15397.32
"2017-12-21 18:36:00",15368.32
"2017-12-21 18:37:00",15337.22
"2017-12-21 18:38:00",15357.56
"2017-12-21 18:39:00",15362.76
"2017-12-21 18:40:00",15360.66
"2017-12-21 18:41:00",15387.89
"2017-12-21 18:42:00",15403.87
"2017-12-21 18:43:00",15414.38
"2017-12-21 18:44:00",15366.2
"2017-12-21 18:45:00",15337.93
"2017-12-21 18:46:00",15325.08
"2017-12-21 18:47:00",15299.88
"2017-12-21 18:48:00",15276.66
"2017-12-21 18:49:00",15304.91
"2017-12-21 18:50:00",15314.98
"2017-12-21 18:51:00",15315.62
"2017-12-21 18:52:00",15340.37
"2017-12-21 18:53:00",15327.23
"2017-12-21 18:54:00",15302.56
"2017-12-21 18:55:00",15299.14
"2017-12-21 18:56:00",15326.49
"2017-12-21 18:57:00",15359.01
"2017-12-21 18:58:00",15370.31
"2017-12-21 18:59:00",15387.23
"2017-12-21 19:00:00",15356.49
"2017-12-21 19:01:00",15339.56
"2017-12-21 19:02:00",15351.36
"2017-12-21 19:03:00",15346.76
"2017-12-21 19:04:00",15341.37
"2017-12-21 19:05:00",15335.72
"2017-12-21 19:06:00",15318.66
"2017-12-21 19:07:00",15261.7
"2017-12-21 19:08:00",15213.08
"2017-12-21 19:09:00",15196.15
"2017-12-21 19:10:00",15218.06
"2017-12-21 19:11:00",15214.55
"2017-12-21 19:12:00",15246.89
"2017-12-21 19:13:00",15259.47
"2017-12-21 19:14:00",15222.12
"2017-12-21 19:15:00",15189.47
"2017-12-21 19:16:00",15177.85
"2017-12-21 19:17:00",15127.38
"2017-12-21 19:18:00",15116.97
"2017-12-21 19:19:00",15201.23
"2017-12-21 19:20:00",15274.21
"2017-12-21 19:21:00",15252.83
"2017-12-21 19:22:00",15310.38
"2017-12-21 19:23:00",15332.61
"2017-12-21 19:24:00",15362.88
"2017-12-21 19:25:00",15401.49
"2017-12-21 19:26:00",15378.75
"2017-12-21 19:27:00",15396.52
"2017-12-21 19:28:00",15411.3
"2017-12-21 19:29:00",15451.35
"2017-12-21 19:30:00",15378.98
"2017-12-21 19:31:00",15297.93
"2017-12-21 19:32:00",15314.55
"2017-12-21 19:33:00",15344.84
"2017-12-21 19:34:00",15298.38
"2017-12-21 19:35:00",15313.91
"2017-12-21 19:36:00",15319.94
"2017-12-21 19:37:00",15311.44
"2017-12-21 19:38:00",15317.42
"2017-12-21 19:39:00",15262.65
"2017-12-21 19:40:00",15169.66
"2017-12-21 19:41:00",15217.28
"2017-12-21 19:42:00",15249.23
"2017-12-21 19:43:00",15285
"2017-12-21 19:44:00",15282.12
"2017-12-21 19:45:00",15270.85
"2017-12-21 19:46:00",15305.59
"2017-12-21 19:47:00",15313.1
"2017-12-21 19:48:00",15317.55
"2017-12-21 19:49:00",15300.42
"2017-12-21 19:50:00",15311.62
"2017-12-21 19:51:00",15296.82
"2017-12-21 19:52:00",15292.08
"2017-12-21 19:53:00",15292.71
"2017-12-21 19:54:00",15282.64
"2017-12-21 19:55:00",15273.75
"2017-12-21 19:56:00",15279.08
"2017-12-21 19:57:00",15310.38
"2017-12-21 19:58:00",15374.69
"2017-12-21 19:59:00",15409.35
"2017-12-21 20:00:00",15419.03
"2017-12-21 20:01:00",15489.14
"2017-12-21 20:02:00",15443.27
"2017-12-21 20:03:00",15453.76
"2017-12-21 20:04:00",15460.91
"2017-12-21 20:05:00",15452.32
"2017-12-21 20:06:00",15440.99
"2017-12-21 20:07:00",15454.98
"2017-12-21 20:08:00",15481.41
"2017-12-21 20:09:00",15492.04
"2017-12-21 20:10:00",15484.37
"2017-12-21 20:11:00",15489.59
"2017-12-21 20:12:00",15473.6
"2017-12-21 20:13:00",15449.56
"2017-12-21 20:14:00",15525.86
"2017-12-21 20:15:00",15420.42
"2017-12-21 20:16:00",15444.33
"2017-12-21 20:17:00",15466.63
"2017-12-21 20:18:00",15468.53
"2017-12-21 20:19:00",15463.11
"2017-12-21 20:20:00",15459.87
"2017-12-21 20:21:00",15471.88
"2017-12-21 20:22:00",15435.47
"2017-12-21 20:23:00",15368.01
"2017-12-21 20:24:00",15383.01
"2017-12-21 20:25:00",15378.29
"2017-12-21 20:26:00",15352.46
"2017-12-21 20:27:00",15330.8
"2017-12-21 20:28:00",15349.88
"2017-12-21 20:29:00",15361.51
"2017-12-21 20:30:00",15399.91
"2017-12-21 20:31:00",15415.92
"2017-12-21 20:32:00",15397.82
"2017-12-21 20:33:00",15369.59
"2017-12-21 20:34:00",15379.19
"2017-12-21 20:35:00",15369.32
"2017-12-21 20:36:00",15339.61
"2017-12-21 20:37:00",15326.55
"2017-12-21 20:38:00",15334.54
"2017-12-21 20:39:00",15332.45
"2017-12-21 20:40:00",15320.26
"2017-12-21 20:41:00",15327.91
"2017-12-21 20:42:00",15316.71
"2017-12-21 20:43:00",15293.23
"2017-12-21 20:44:00",15284.05
"2017-12-21 20:45:00",15279.79
"2017-12-21 20:46:00",15271.7
"2017-12-21 20:47:00",15243.57
"2017-12-21 20:48:00",15227.43
"2017-12-21 20:49:00",15198.49
"2017-12-21 20:50:00",15161.7
"2017-12-21 20:51:00",15177.92
"2017-12-21 20:52:00",15202.24
"2017-12-21 20:53:00",15198.35
"2017-12-21 20:54:00",15210.59
"2017-12-21 20:55:00",15225.69
"2017-12-21 20:56:00",15236.08
"2017-12-21 20:57:00",15264.1
"2017-12-21 20:58:00",15267.03
"2017-12-21 20:59:00",15263.71
"2017-12-21 21:00:00",15258.05
"2017-12-21 21:01:00",15255.38
"2017-12-21 21:02:00",15240.76
"2017-12-21 21:03:00",15241.06
"2017-12-21 21:04:00",15247.85
"2017-12-21 21:05:00",15241.97
"2017-12-21 21:06:00",15232.41
"2017-12-21 21:07:00",15242.27
"2017-12-21 21:08:00",15269.06
"2017-12-21 21:09:00",15279.36
"2017-12-21 21:10:00",15308.39
"2017-12-21 21:11:00",15303.97
"2017-12-21 21:12:00",15281.2
"2017-12-21 21:13:00",15303.68
"2017-12-21 21:14:00",15297.81
"2017-12-21 21:15:00",15292.37
"2017-12-21 21:16:00",15281.29
"2017-12-21 21:17:00",15284.57
"2017-12-21 21:18:00",15281.64
"2017-12-21 21:19:00",15288.65
"2017-12-21 21:20:00",15294.76
"2017-12-21 21:21:00",15291.37
"2017-12-21 21:22:00",15288.93
"2017-12-21 21:23:00",15271.69
"2017-12-21 21:24:00",15287.9
"2017-12-21 21:25:00",15312.39
"2017-12-21 21:26:00",15323.26
"2017-12-21 21:27:00",15301.61
"2017-12-21 21:28:00",15302.56
"2017-12-21 21:29:00",15311.6
"2017-12-21 21:30:00",15331.44
"2017-12-21 21:31:00",15341.3
"2017-12-21 21:32:00",15334.12
"2017-12-21 21:33:00",15334.99
"2017-12-21 21:34:00",15329.22
"2017-12-21 21:35:00",15362.38
"2017-12-21 21:36:00",15360.01
"2017-12-21 21:37:00",15361.36
"2017-12-21 21:38:00",15364.87
"2017-12-21 21:39:00",15396.17
"2017-12-21 21:40:00",15413.17
"2017-12-21 21:41:00",15420.37
"2017-12-21 21:42:00",15425.82
"2017-12-21 21:43:00",15435.23
"2017-12-21 21:44:00",15450.93
"2017-12-21 21:45:00",15491.71
"2017-12-21 21:46:00",15519.61
"2017-12-21 21:47:00",15532.86
"2017-12-21 21:48:00",15558.89
"2017-12-21 21:49:00",15575.1
"2017-12-21 21:50:00",15562.77
"2017-12-21 21:51:00",15599.17
"2017-12-21 21:52:00",15593.5
"2017-12-21 21:53:00",15605.66
"2017-12-21 21:54:00",15595.67
"2017-12-21 21:55:00",15562.29
"2017-12-21 21:56:00",15515.49
"2017-12-21 21:57:00",15503.58
"2017-12-21 21:58:00",15528.43
"2017-12-21 21:59:00",15539.58
"2017-12-21 22:00:00",15565.43
"2017-12-21 22:01:00",15549.85
"2017-12-21 22:02:00",15516.09
"2017-12-21 22:03:00",15525.05
"2017-12-21 22:04:00",15524.44
"2017-12-21 22:05:00",15524.46
"2017-12-21 22:06:00",15522.65
"2017-12-21 22:07:00",15532.64
"2017-12-21 22:08:00",15533.92
"2017-12-21 22:09:00",15533.05
"2017-12-21 22:10:00",15544.23
"2017-12-21 22:11:00",15561.36
"2017-12-21 22:12:00",15557.67
"2017-12-21 22:13:00",15561.61
"2017-12-21 22:14:00",15574.78
"2017-12-21 22:15:00",15632.81
"2017-12-21 22:16:00",15637.35
"2017-12-21 22:17:00",15630.86
"2017-12-21 22:18:00",15618.92
"2017-12-21 22:19:00",15600.29
"2017-12-21 22:20:00",15595.66
"2017-12-21 22:21:00",15589.35
"2017-12-21 22:22:00",15609.42
"2017-12-21 22:23:00",15614.73
"2017-12-21 22:24:00",15630.84
"2017-12-21 22:25:00",15641.85
"2017-12-21 22:26:00",15662.38
"2017-12-21 22:27:00",15681.12
"2017-12-21 22:28:00",15677
"2017-12-21 22:29:00",15679.22
"2017-12-21 22:30:00",15680.02
"2017-12-21 22:31:00",15658.58
"2017-12-21 22:32:00",15645.03
"2017-12-21 22:33:00",15639.24
"2017-12-21 22:34:00",15611.81
"2017-12-21 22:35:00",15612.82
"2017-12-21 22:36:00",15623.04
"2017-12-21 22:37:00",15624.32
"2017-12-21 22:38:00",15644.59
"2017-12-21 22:39:00",15660.89
"2017-12-21 22:40:00",15662.2
"2017-12-21 22:41:00",15662.45
"2017-12-21 22:42:00",15655.09
"2017-12-21 22:43:00",15643.03
"2017-12-21 22:44:00",15621.04
"2017-12-21 22:45:00",15611.12
"2017-12-21 22:46:00",15600.21
"2017-12-21 22:47:00",15587.72
"2017-12-21 22:48:00",15573.53
"2017-12-21 22:49:00",15549.01
"2017-12-21 22:50:00",15539.35
"2017-12-21 22:51:00",15528.59
"2017-12-21 22:52:00",15520.8
"2017-12-21 22:53:00",15506.78
"2017-12-21 22:54:00",15491.17
"2017-12-21 22:55:00",15478.02
"2017-12-21 22:56:00",15476.13
"2017-12-21 22:57:00",15473.96
"2017-12-21 22:58:00",15489.87
"2017-12-21 22:59:00",15524.24
"2017-12-21 23:00:00",15514.07
"2017-12-21 23:01:00",15528.37
"2017-12-21 23:02:00",15517.6
"2017-12-21 23:03:00",15521.27
"2017-12-21 23:04:00",15534.4
"2017-12-21 23:05:00",15541.86
"2017-12-21 23:06:00",15552.7
"2017-12-21 23:07:00",15555.08
"2017-12-21 23:08:00",15526.31
"2017-12-21 23:09:00",15522.11
"2017-12-21 23:10:00",15515.2
"2017-12-21 23:11:00",15518.29
"2017-12-21 23:12:00",15515.61
"2017-12-21 23:13:00",15491.54
"2017-12-21 23:14:00",15471.12
"2017-12-21 23:15:00",15455.4
"2017-12-21 23:16:00",15450.86
"2017-12-21 23:17:00",15453.02
"2017-12-21 23:18:00",15450.89
"2017-12-21 23:19:00",15467.96
"2017-12-21 23:20:00",15497.03
"2017-12-21 23:21:00",15506.72
"2017-12-21 23:22:00",15485.01
"2017-12-21 23:23:00",15493.28
"2017-12-21 23:24:00",15483.91
"2017-12-21 23:25:00",15474.49
"2017-12-21 23:26:00",15479.76
"2017-12-21 23:27:00",15486.42
"2017-12-21 23:28:00",15485.38
"2017-12-21 23:29:00",15507.29
"2017-12-21 23:30:00",15488.75
"2017-12-21 23:31:00",15447.9
"2017-12-21 23:32:00",15424.16
"2017-12-21 23:33:00",15414.46
"2017-12-21 23:34:00",15473.91
"2017-12-21 23:35:00",15485.59
"2017-12-21 23:36:00",15492.27
"2017-12-21 23:37:00",15473.8
"2017-12-21 23:38:00",15459.3
"2017-12-21 23:39:00",15435.82
"2017-12-21 23:40:00",15438.83
"2017-12-21 23:41:00",15454.79
"2017-12-21 23:42:00",15441.3
"2017-12-21 23:43:00",15434.24
"2017-12-21 23:44:00",15430.98
"2017-12-21 23:45:00",15427.44
"2017-12-21 23:46:00",15423.71
"2017-12-21 23:47:00",15440.21
"2017-12-21 23:48:00",15447.15
"2017-12-21 23:49:00",15462.43
"2017-12-21 23:50:00",15500.4
"2017-12-21 23:51:00",15497.82
"2017-12-21 23:52:00",15506.23
"2017-12-21 23:53:00",15502.15
"2017-12-21 23:54:00",15500.61
"2017-12-21 23:55:00",15483.54
"2017-12-21 23:56:00",15491.83
"2017-12-21 23:57:00",15522.51
"2017-12-21 23:58:00",15539.42
"2017-12-21 23:59:00",15537.52
"2017-12-22 00:00:00",15561.05
"2017-12-22 00:01:00",15609.68
"2017-12-22 00:02:00",15680.67
"2017-12-22 00:03:00",15669.53
"2017-12-22 00:04:00",15665.52
"2017-12-22 00:05:00",15690.54
"2017-12-22 00:06:00",15690.81
"2017-12-22 00:07:00",15675.89
"2017-12-22 00:08:00",15650.97
"2017-12-22 00:09:00",15644.57
"2017-12-22 00:10:00",15631.33
"2017-12-22 00:11:00",15638.33
"2017-12-22 00:12:00",15629.61
"2017-12-22 00:13:00",15633.24
"2017-12-22 00:14:00",15624.72
"2017-12-22 00:15:00",15616.96
"2017-12-22 00:16:00",15606.55
"2017-12-22 00:17:00",15580.28
"2017-12-22 00:18:00",15559.94
"2017-12-22 00:19:00",15573.39
"2017-12-22 00:20:00",15567.14
"2017-12-22 00:21:00",15533.23
"2017-12-22 00:22:00",15509.44
"2017-12-22 00:23:00",15501.88
"2017-12-22 00:24:00",15487.64
"2017-12-22 00:25:00",15475.85
"2017-12-22 00:26:00",15432.7
"2017-12-22 00:27:00",15414.5
"2017-12-22 00:28:00",15384.67
"2017-12-22 00:29:00",15375.22
"2017-12-22 00:30:00",15375.46
"2017-12-22 00:31:00",15377.99
"2017-12-22 00:32:00",15383.43
"2017-12-22 00:33:00",15399.3
"2017-12-22 00:34:00",15409.85
"2017-12-22 00:35:00",15441.16
"2017-12-22 00:36:00",15444.94
"2017-12-22 00:37:00",15434.15
"2017-12-22 00:38:00",15418.23
"2017-12-22 00:39:00",15398.75
"2017-12-22 00:40:00",15395.09
"2017-12-22 00:41:00",15397.03
"2017-12-22 00:42:00",15399.93
"2017-12-22 00:43:00",15391.06
"2017-12-22 00:44:00",15397.92
"2017-12-22 00:45:00",15409.39
"2017-12-22 00:46:00",15397.16
"2017-12-22 00:47:00",15389.39
"2017-12-22 00:48:00",15399.02
"2017-12-22 00:49:00",15371.93
"2017-12-22 00:50:00",15351.16
"2017-12-22 00:51:00",15346.91
"2017-12-22 00:52:00",15337.78
"2017-12-22 00:53:00",15328.18
"2017-12-22 00:54:00",15295.91
"2017-12-22 00:55:00",15287.77
"2017-12-22 00:56:00",15302.15
"2017-12-22 00:57:00",15283.98
"2017-12-22 00:58:00",15264
"2017-12-22 00:59:00",15204.96
"2017-12-22 01:00:00",15172.74
"2017-12-22 01:01:00",15167.37
"2017-12-22 01:02:00",15209.38
"2017-12-22 01:03:00",15214.51
"2017-12-22 01:04:00",15193.1
"2017-12-22 01:05:00",15163.07
"2017-12-22 01:06:00",15122.4
"2017-12-22 01:07:00",15094.8
"2017-12-22 01:08:00",15056.23
"2017-12-22 01:09:00",15028.75
"2017-12-22 01:10:00",14973.75
"2017-12-22 01:11:00",14981.27
"2017-12-22 01:12:00",14927.65
"2017-12-22 01:13:00",14955.92
"2017-12-22 01:14:00",15012.57
"2017-12-22 01:15:00",15028.82
"2017-12-22 01:16:00",14985.47
"2017-12-22 01:17:00",14962.76
"2017-12-22 01:18:00",15003.64
"2017-12-22 01:19:00",15011.66
"2017-12-22 01:20:00",15049.18
"2017-12-22 01:21:00",15074.07
"2017-12-22 01:22:00",15076.89
"2017-12-22 01:23:00",15132.97
"2017-12-22 01:24:00",15130.59
"2017-12-22 01:25:00",15125.09
"2017-12-22 01:26:00",15111.25
"2017-12-22 01:27:00",15042.85
"2017-12-22 01:28:00",14985.07
"2017-12-22 01:29:00",14961.56
"2017-12-22 01:30:00",14949.89
"2017-12-22 01:31:00",14957.49
"2017-12-22 01:32:00",14980.52
"2017-12-22 01:33:00",14915.87
"2017-12-22 01:34:00",14890.12
"2017-12-22 01:35:00",14931.49
"2017-12-22 01:36:00",14951.67
"2017-12-22 01:37:00",14918.96
"2017-12-22 01:38:00",14887.33
"2017-12-22 01:39:00",14947.45
"2017-12-22 01:40:00",14970.78
"2017-12-22 01:41:00",14950.92
"2017-12-22 01:42:00",14910.19
"2017-12-22 01:43:00",14905.73
"2017-12-22 01:44:00",14919.59
"2017-12-22 01:45:00",14896.7
"2017-12-22 01:46:00",14888.3
"2017-12-22 01:47:00",14847.06
"2017-12-22 01:48:00",14822.29
"2017-12-22 01:49:00",14785.38
"2017-12-22 01:50:00",14742.39
"2017-12-22 01:51:00",14698.04
"2017-12-22 01:52:00",14694.94
"2017-12-22 01:53:00",14763.02
"2017-12-22 01:54:00",14688.2
"2017-12-22 01:55:00",14630.56
"2017-12-22 01:56:00",14607.57
"2017-12-22 01:57:00",14666.07
"2017-12-22 01:58:00",14708.05
"2017-12-22 01:59:00",14711.47
"2017-12-22 02:00:00",14774.98
"2017-12-22 02:01:00",14752.82
"2017-12-22 02:02:00",14707.56
"2017-12-22 02:03:00",14674.43
"2017-12-22 02:04:00",14685.21
"2017-12-22 02:05:00",14773.38
"2017-12-22 02:06:00",14773.89
"2017-12-22 02:07:00",14742.64
"2017-12-22 02:08:00",14730.64
"2017-12-22 02:09:00",14733.07
"2017-12-22 02:10:00",14672.22
"2017-12-22 02:11:00",14641.41
"2017-12-22 02:12:00",14615.38
"2017-12-22 02:13:00",14626.07
"2017-12-22 02:14:00",14631.9
"2017-12-22 02:15:00",14742.37
"2017-12-22 02:16:00",14693.2
"2017-12-22 02:17:00",14806.37
"2017-12-22 02:18:00",14840.66
"2017-12-22 02:19:00",14826.31
"2017-12-22 02:20:00",14795.38
"2017-12-22 02:21:00",14816.23
"2017-12-22 02:22:00",14839.28
"2017-12-22 02:23:00",14836.26
"2017-12-22 02:24:00",14824.86
"2017-12-22 02:25:00",14812.66
"2017-12-22 02:26:00",14801.67
"2017-12-22 02:27:00",14815.78
"2017-12-22 02:28:00",14815.73
"2017-12-22 02:29:00",14860.29
"2017-12-22 02:30:00",14921.77
"2017-12-22 02:31:00",14894.82
"2017-12-22 02:32:00",14860.97
"2017-12-22 02:33:00",14849.21
"2017-12-22 02:34:00",14870.55
"2017-12-22 02:35:00",14866.19
"2017-12-22 02:36:00",14863.28
"2017-12-22 02:37:00",14851.47
"2017-12-22 02:38:00",14839.92
"2017-12-22 02:39:00",14817.5
"2017-12-22 02:40:00",14788.4
"2017-12-22 02:41:00",14743.41
"2017-12-22 02:42:00",14725.58
"2017-12-22 02:43:00",14763.05
"2017-12-22 02:44:00",14771.73
"2017-12-22 02:45:00",14755.61
"2017-12-22 02:46:00",14771.22
"2017-12-22 02:47:00",14751.3
"2017-12-22 02:48:00",14742.28
"2017-12-22 02:49:00",14699.81
"2017-12-22 02:50:00",14645.22
"2017-12-22 02:51:00",14635.94
"2017-12-22 02:52:00",14587.6
"2017-12-22 02:53:00",14517.2
"2017-12-22 02:54:00",14445.83
"2017-12-22 02:55:00",14405.82
"2017-12-22 02:56:00",14384.96
"2017-12-22 02:57:00",14334.02
"2017-12-22 02:58:00",14257.25
"2017-12-22 02:59:00",14236.59
"2017-12-22 03:00:00",14322.86
"2017-12-22 03:01:00",14343.67
"2017-12-22 03:02:00",14430.16
"2017-12-22 03:03:00",14450
"2017-12-22 03:04:00",14426.82
"2017-12-22 03:05:00",14404.82
"2017-12-22 03:06:00",14320.2
"2017-12-22 03:07:00",14213.51
"2017-12-22 03:08:00",14146.38
"2017-12-22 03:09:00",14265.51
"2017-12-22 03:10:00",14295.25
"2017-12-22 03:11:00",14256.25
"2017-12-22 03:12:00",14162.56
"2017-12-22 03:13:00",14126.74
"2017-12-22 03:14:00",14100.23
"2017-12-22 03:15:00",14114.93
"2017-12-22 03:16:00",14051.25
"2017-12-22 03:17:00",13987.01
"2017-12-22 03:18:00",13884.51
"2017-12-22 03:19:00",13817.08
"2017-12-22 03:20:00",13702.95
"2017-12-22 03:21:00",13626.49
"2017-12-22 03:22:00",13717.24
"2017-12-22 03:23:00",13789.85
"2017-12-22 03:24:00",13937.04
"2017-12-22 03:25:00",13992.33
"2017-12-22 03:26:00",14189.9
"2017-12-22 03:27:00",14221.3
"2017-12-22 03:28:00",14376.73
"2017-12-22 03:29:00",14367.44
"2017-12-22 03:30:00",14264.82
"2017-12-22 03:31:00",14239.92
"2017-12-22 03:32:00",14194.15
"2017-12-22 03:33:00",14088.82
"2017-12-22 03:34:00",14103.37
"2017-12-22 03:35:00",14091.83
"2017-12-22 03:36:00",14173.77
"2017-12-22 03:37:00",14201.11
"2017-12-22 03:38:00",14189.09
"2017-12-22 03:39:00",14138.57
"2017-12-22 03:40:00",14132.62
"2017-12-22 03:41:00",14125.11
"2017-12-22 03:42:00",14092.83
"2017-12-22 03:43:00",14025.19
"2017-12-22 03:44:00",13940.65
"2017-12-22 03:45:00",13936.91
"2017-12-22 03:46:00",14001.75
"2017-12-22 03:47:00",13931.38
"2017-12-22 03:48:00",13895.75
"2017-12-22 03:49:00",13823.58
"2017-12-22 03:50:00",13900.77
"2017-12-22 03:51:00",13882.33
"2017-12-22 03:52:00",13969.25
"2017-12-22 03:53:00",13975.82
"2017-12-22 03:54:00",14143.24
"2017-12-22 03:55:00",14238.19
"2017-12-22 03:56:00",14251.67
"2017-12-22 03:57:00",14300.3
"2017-12-22 03:58:00",14479.87
"2017-12-22 03:59:00",14534.66
"2017-12-22 04:00:00",14454.89
"2017-12-22 04:01:00",14417.65
"2017-12-22 04:02:00",14331.5
"2017-12-22 04:03:00",14407.62
"2017-12-22 04:04:00",14481.32
"2017-12-22 04:05:00",14554.35
"2017-12-22 04:06:00",14643.27
"2017-12-22 04:07:00",14674.74
"2017-12-22 04:08:00",14725.19
"2017-12-22 04:09:00",14755.59
"2017-12-22 04:10:00",14733.65
"2017-12-22 04:11:00",14707.22
"2017-12-22 04:12:00",14786.05
"2017-12-22 04:13:00",14709.78
"2017-12-22 04:14:00",14667.2
"2017-12-22 04:15:00",14644.93
"2017-12-22 04:16:00",14629.09
"2017-12-22 04:17:00",14647.13
"2017-12-22 04:18:00",14635.79
"2017-12-22 04:19:00",14631.46
"2017-12-22 04:20:00",14642.6
"2017-12-22 04:21:00",14708.92
"2017-12-22 04:22:00",14785.37
"2017-12-22 04:23:00",14760.48
"2017-12-22 04:24:00",14784.36
"2017-12-22 04:25:00",14780.7
"2017-12-22 04:26:00",14824.64
"2017-12-22 04:27:00",14888.23
"2017-12-22 04:28:00",14886.89
"2017-12-22 04:29:00",14924.02
"2017-12-22 04:30:00",14881.54
"2017-12-22 04:31:00",14881.67
"2017-12-22 04:32:00",14843.76
"2017-12-22 04:33:00",14809.62
"2017-12-22 04:34:00",14774.98
"2017-12-22 04:35:00",14647.64
"2017-12-22 04:36:00",14637.79
"2017-12-22 04:37:00",14731.19
"2017-12-22 04:38:00",14740.09
"2017-12-22 04:39:00",14658.46
"2017-12-22 04:40:00",14644.71
"2017-12-22 04:41:00",14638.33
"2017-12-22 04:42:00",14628.43
"2017-12-22 04:43:00",14605.04
"2017-12-22 04:44:00",14575.09
"2017-12-22 04:45:00",14576.56
"2017-12-22 04:46:00",14582.88
"2017-12-22 04:47:00",14579.56
"2017-12-22 04:48:00",14594.42
"2017-12-22 04:49:00",14816.01
"2017-12-22 04:50:00",14918.31
"2017-12-22 04:51:00",14982.7
"2017-12-22 04:52:00",14967.36
"2017-12-22 04:53:00",14876.5
"2017-12-22 04:54:00",14871.01
"2017-12-22 04:55:00",14809.38
"2017-12-22 04:56:00",14824.48
"2017-12-22 04:57:00",14814.34
"2017-12-22 04:58:00",14846.58
"2017-12-22 04:59:00",14876.18
"2017-12-22 05:00:00",14885.79
"2017-12-22 05:01:00",14903.59
"2017-12-22 05:02:00",14929.58
"2017-12-22 05:03:00",14958.33
"2017-12-22 05:04:00",14965.3
"2017-12-22 05:05:00",14956.39
"2017-12-22 05:06:00",14883.07
"2017-12-22 05:07:00",14892.21
"2017-12-22 05:08:00",14932.79
"2017-12-22 05:09:00",14932.04
"2017-12-22 05:10:00",14860.12
"2017-12-22 05:11:00",14869.57
"2017-12-22 05:12:00",14851.01
"2017-12-22 05:13:00",14834.91
"2017-12-22 05:14:00",14814.14
"2017-12-22 05:15:00",14768.24
"2017-12-22 05:16:00",14685.75
"2017-12-22 05:17:00",14630.78
"2017-12-22 05:18:00",14683.88
"2017-12-22 05:19:00",14738.01
"2017-12-22 05:20:00",14665.75
"2017-12-22 05:21:00",14649.24
"2017-12-22 05:22:00",14681.22
"2017-12-22 05:23:00",14688.39
"2017-12-22 05:24:00",14683.13
"2017-12-22 05:25:00",14689.48
"2017-12-22 05:26:00",14722.57
"2017-12-22 05:27:00",14750.98
"2017-12-22 05:28:00",14792.75
"2017-12-22 05:29:00",14784.52
"2017-12-22 05:30:00",14712.91
"2017-12-22 05:31:00",14673.19
"2017-12-22 05:32:00",14678.64
"2017-12-22 05:33:00",14674.7
"2017-12-22 05:34:00",14639.02
"2017-12-22 05:35:00",14557.37
"2017-12-22 05:36:00",14544.55
"2017-12-22 05:37:00",14572.7
"2017-12-22 05:38:00",14586.6
"2017-12-22 05:39:00",14563.9
"2017-12-22 05:40:00",14543.81
"2017-12-22 05:41:00",14531.58
"2017-12-22 05:42:00",14486.35
"2017-12-22 05:43:00",14419.9
"2017-12-22 05:44:00",14445.97
"2017-12-22 05:45:00",14437.21
"2017-12-22 05:46:00",14339.86
"2017-12-22 05:47:00",14330.82
"2017-12-22 05:48:00",14310.87
"2017-12-22 05:49:00",14274.16
"2017-12-22 05:50:00",14276.45
"2017-12-22 05:51:00",14379.7
"2017-12-22 05:52:00",14422.33
"2017-12-22 05:53:00",14347.87
"2017-12-22 05:55:00",14413.95
"2017-12-22 05:56:00",14371.07
"2017-12-22 05:57:00",14363.05
"2017-12-22 05:58:00",14433.59
"2017-12-22 05:59:00",14394.04
"2017-12-22 06:00:00",14368.35
"2017-12-22 06:01:00",14420.29
"2017-12-22 06:02:00",14394.79
"2017-12-22 06:03:00",14370.08
"2017-12-22 06:04:00",14343.07
"2017-12-22 06:05:00",14280.22
"2017-12-22 06:06:00",14320.9
"2017-12-22 06:07:00",14382.85
"2017-12-22 06:08:00",14381.88
"2017-12-22 06:09:00",14417.57
"2017-12-22 06:10:00",14443.17
"2017-12-22 06:11:00",14478.19
"2017-12-22 06:12:00",14498.26
"2017-12-22 06:13:00",14531.58
"2017-12-22 06:14:00",14551.83
"2017-12-22 06:15:00",14599.91
"2017-12-22 06:16:00",14589.94
"2017-12-22 06:17:00",14517.13
"2017-12-22 06:18:00",14521.26
"2017-12-22 06:19:00",14514
"2017-12-22 06:20:00",14486.47
"2017-12-22 06:21:00",14489.99
"2017-12-22 06:22:00",14495.6
"2017-12-22 06:23:00",14500.85
"2017-12-22 06:24:00",14464.89
"2017-12-22 06:25:00",14440.35
"2017-12-22 06:26:00",14409.37
"2017-12-22 06:27:00",14375.23
"2017-12-22 06:28:00",14299.09
"2017-12-22 06:29:00",14302.48
"2017-12-22 06:30:00",14320.19
"2017-12-22 06:31:00",14330.91
"2017-12-22 06:32:00",14280.45
"2017-12-22 06:33:00",14220.68
"2017-12-22 06:34:00",14231.78
"2017-12-22 06:35:00",14228.74
"2017-12-22 06:36:00",14234.39
"2017-12-22 06:37:00",14228.84
"2017-12-22 06:38:00",14252.52
"2017-12-22 06:39:00",14225.66
"2017-12-22 06:40:00",14213.77
"2017-12-22 06:41:00",14201.96
"2017-12-22 06:42:00",14202.48
"2017-12-22 06:43:00",14215.28
"2017-12-22 06:44:00",14237.21
"2017-12-22 06:45:00",14299.57
"2017-12-22 06:46:00",14260.88
"2017-12-22 06:47:00",14233.73
"2017-12-22 06:48:00",14228.64
"2017-12-22 06:49:00",14219.28
"2017-12-22 06:50:00",14211.38
"2017-12-22 06:51:00",14177.13
"2017-12-22 06:52:00",14140.97
"2017-12-22 06:53:00",14057.53
"2017-12-22 06:54:00",14017.46
"2017-12-22 06:55:00",14026.68
"2017-12-22 06:56:00",14025.64
"2017-12-22 06:57:00",14055.06
"2017-12-22 06:58:00",14033.24
"2017-12-22 06:59:00",13978.73
"2017-12-22 07:00:00",13929.58
"2017-12-22 07:01:00",13909.5
"2017-12-22 07:02:00",13893.16
"2017-12-22 07:03:00",13861.51
"2017-12-22 07:04:00",13825.71
"2017-12-22 07:05:00",13789.99
"2017-12-22 07:06:00",13761.44
"2017-12-22 07:07:00",13843.25
"2017-12-22 07:08:00",13856.21
"2017-12-22 07:09:00",13865.77
"2017-12-22 07:10:00",13857.81
"2017-12-22 07:11:00",13775.59
"2017-12-22 07:12:00",13681.5
"2017-12-22 07:13:00",13632.49
"2017-12-22 07:14:00",13535.64
"2017-12-22 07:15:00",13569.75
"2017-12-22 07:16:00",13545.24
"2017-12-22 07:17:00",13484.58
"2017-12-22 07:18:00",13433.14
"2017-12-22 07:19:00",13389.78
"2017-12-22 07:20:00",13294.74
"2017-12-22 07:21:00",13254.16
"2017-12-22 07:22:00",13223.94
"2017-12-22 07:23:00",13196.07
"2017-12-22 07:24:00",13358.25
"2017-12-22 07:25:00",13546.73
"2017-12-22 07:26:00",13598.88
"2017-12-22 07:27:00",13655.45
"2017-12-22 07:28:00",13690.04
"2017-12-22 07:29:00",13671.13
"2017-12-22 07:30:00",13645.99
"2017-12-22 07:31:00",13628.05
"2017-12-22 07:32:00",13671.41
"2017-12-22 07:33:00",13633.33
"2017-12-22 07:34:00",13505.24
"2017-12-22 07:35:00",13437.47
"2017-12-22 07:36:00",13434.42
"2017-12-22 07:37:00",13448.41
"2017-12-22 07:38:00",13456.42
"2017-12-22 07:39:00",13565.39
"2017-12-22 07:40:00",13626.8
"2017-12-22 07:41:00",13587.01
"2017-12-22 07:42:00",13557.46
"2017-12-22 07:43:00",13608.6
"2017-12-22 07:44:00",13723.36
"2017-12-22 07:45:00",13716.68
"2017-12-22 07:46:00",13771.77
"2017-12-22 07:47:00",13881.58
"2017-12-22 07:48:00",13995.9
"2017-12-22 07:49:00",13969.37
"2017-12-22 07:50:00",13927.72
"2017-12-22 07:51:00",13892.34
"2017-12-22 07:52:00",13841.45
"2017-12-22 07:53:00",13684.53
"2017-12-22 07:54:00",13604
"2017-12-22 07:55:00",13606.63
"2017-12-22 07:56:00",13533.49
"2017-12-22 07:57:00",13556.54
"2017-12-22 07:58:00",13718.06
"2017-12-22 07:59:00",13769.79
"2017-12-22 08:00:00",13767.25
"2017-12-22 08:01:00",13742.26
"2017-12-22 08:02:00",13364.03
"2017-12-22 08:03:00",13275.69
"2017-12-22 08:04:00",13160.96
"2017-12-22 08:05:00",13118.15
"2017-12-22 08:06:00",13078.94
"2017-12-22 08:07:00",13102.42
"2017-12-22 08:08:00",13095.41
"2017-12-22 08:09:00",13332.63
"2017-12-22 08:10:00",13320.15
"2017-12-22 08:11:00",13314
"2017-12-22 08:12:00",13271.96
"2017-12-22 08:13:00",12964.17
"2017-12-22 08:14:00",12972.5
"2017-12-22 08:15:00",13065.04
"2017-12-22 08:16:00",13123.43
"2017-12-22 08:17:00",13188.37
"2017-12-22 08:18:00",13072.27
"2017-12-22 08:19:00",13121.89
"2017-12-22 08:20:00",13301.19
"2017-12-22 08:21:00",13284.86
"2017-12-22 08:22:00",13297.11
"2017-12-22 08:23:00",13320.9
"2017-12-22 08:24:00",13328.8
"2017-12-22 08:25:00",13403.95
"2017-12-22 08:26:00",13346.41
"2017-12-22 08:27:00",13209.89
"2017-12-22 08:28:00",13191.07
"2017-12-22 08:29:00",13161.28
"2017-12-22 08:30:00",13339.34
"2017-12-22 08:31:00",13300.74
"2017-12-22 08:32:00",13295.26
"2017-12-22 08:33:00",13327.51
"2017-12-22 08:34:00",13384.42
"2017-12-22 08:35:00",13445.91
"2017-12-22 08:36:00",13498.08
"2017-12-22 08:37:00",13559.1
"2017-12-22 08:38:00",13381.46
"2017-12-22 08:39:00",13442.95
"2017-12-22 08:40:00",13457.29
"2017-12-22 08:41:00",13473.64
"2017-12-22 08:42:00",13493.94
"2017-12-22 08:43:00",13499.15
"2017-12-22 08:44:00",13514.07
"2017-12-22 08:45:00",13452.48
"2017-12-22 08:46:00",13330.96
"2017-12-22 08:47:00",13412.31
"2017-12-22 08:48:00",13415.19
"2017-12-22 08:49:00",13388.03
"2017-12-22 08:50:00",13418.18
"2017-12-22 08:51:00",13420.2
"2017-12-22 08:52:00",13431.01
"2017-12-22 08:53:00",13378.32
"2017-12-22 08:54:00",13362.52
"2017-12-22 08:55:00",13330.66
"2017-12-22 08:56:00",13310.12
"2017-12-22 08:57:00",13313.05
"2017-12-22 08:58:00",13303.07
"2017-12-22 08:59:00",13297.76
"2017-12-22 09:00:00",13310.2
"2017-12-22 09:01:00",13308.74
"2017-12-22 09:02:00",13341.73
"2017-12-22 09:03:00",13353.9
"2017-12-22 09:04:00",13383.29
"2017-12-22 09:05:00",13408.74
"2017-12-22 09:06:00",13568.14
"2017-12-22 09:07:00",13545.76
"2017-12-22 09:08:00",13555.47
"2017-12-22 09:09:00",13516.79
"2017-12-22 09:10:00",13591.1
"2017-12-22 09:11:00",13482.06
"2017-12-22 09:12:00",13371.55
"2017-12-22 09:13:00",13406.98
"2017-12-22 09:14:00",13415.5
"2017-12-22 09:15:00",13408.04
"2017-12-22 09:16:00",13383.4
"2017-12-22 09:17:00",13421.13
"2017-12-22 09:18:00",13452.78
"2017-12-22 09:19:00",13481.57
"2017-12-22 09:20:00",13444.06
"2017-12-22 09:21:00",13452.98
"2017-12-22 09:22:00",13477.24
"2017-12-22 09:23:00",13482.7
"2017-12-22 09:24:00",13488.33
"2017-12-22 09:25:00",13544.93
"2017-12-22 09:26:00",13616.79
"2017-12-22 09:27:00",13667.05
"2017-12-22 09:28:00",13758.67
"2017-12-22 09:29:00",13803.89
"2017-12-22 09:30:00",13750.05
"2017-12-22 09:31:00",13713.2
"2017-12-22 09:32:00",13694.33
"2017-12-22 09:33:00",13644.4
"2017-12-22 09:34:00",13638.7
"2017-12-22 09:35:00",13696.84
"2017-12-22 09:36:00",13725
"2017-12-22 09:37:00",13803.98
"2017-12-22 09:38:00",13839.56
"2017-12-22 09:39:00",13840.88
"2017-12-22 09:40:00",13886.93
"2017-12-22 09:41:00",13941.71
"2017-12-22 09:42:00",13936.81
"2017-12-22 09:43:00",13893.82
"2017-12-22 09:44:00",13885.32
"2017-12-22 09:45:00",13918.64
"2017-12-22 09:46:00",13925.88
"2017-12-22 09:47:00",13849.99
"2017-12-22 09:48:00",13877.18
"2017-12-22 09:49:00",13869.92
"2017-12-22 09:50:00",13845.56
"2017-12-22 09:51:00",13847.05
"2017-12-22 09:52:00",13808.91
"2017-12-22 09:53:00",13784.41
"2017-12-22 09:54:00",13746.98
"2017-12-22 09:55:00",13685.94
"2017-12-22 09:56:00",13640.76
"2017-12-22 09:57:00",13575.13
"2017-12-22 09:58:00",13614.92
"2017-12-22 09:59:00",13711.19
"2017-12-22 10:00:00",13764.72
"2017-12-22 10:01:00",13824.11
"2017-12-22 10:02:00",13852.13
"2017-12-22 10:03:00",13849.08
"2017-12-22 10:04:00",13898.45
"2017-12-22 10:05:00",13828.86
"2017-12-22 10:06:00",13742.91
"2017-12-22 10:07:00",13695.69
"2017-12-22 10:08:00",13707.23
"2017-12-22 10:09:00",13805.61
"2017-12-22 10:10:00",13844.25
"2017-12-22 10:11:00",13849.94
"2017-12-22 10:12:00",13816.38
"2017-12-22 10:13:00",13834.98
"2017-12-22 10:14:00",13840.34
"2017-12-22 10:15:00",13845.6
"2017-12-22 10:16:00",13874
"2017-12-22 10:17:00",13908.53
"2017-12-22 10:18:00",13923.77
"2017-12-22 10:19:00",13931.84
"2017-12-22 10:20:00",13987.09
"2017-12-22 10:21:00",14075.01
"2017-12-22 10:22:00",14048.7
"2017-12-22 10:23:00",14065.09
"2017-12-22 10:24:00",14090.41
"2017-12-22 10:25:00",14192.5
"2017-12-22 10:26:00",14218.32
"2017-12-22 10:27:00",14270.26
"2017-12-22 10:28:00",14276.67
"2017-12-22 10:29:00",14245.56
"2017-12-22 10:30:00",14164.08
"2017-12-22 10:31:00",14200.8
"2017-12-22 10:32:00",14221.98
"2017-12-22 10:33:00",14244.1
"2017-12-22 10:34:00",14313.5
"2017-12-22 10:35:00",14388.08
"2017-12-22 10:36:00",14430.82
"2017-12-22 10:37:00",14462.01
"2017-12-22 10:38:00",14498.37
"2017-12-22 10:39:00",14543.58
"2017-12-22 10:40:00",14417.55
"2017-12-22 10:41:00",14464.74
"2017-12-22 10:42:00",14517.83
"2017-12-22 10:43:00",14480.3
"2017-12-22 10:44:00",14420.18
"2017-12-22 10:45:00",14300.83
"2017-12-22 10:46:00",14283.39
"2017-12-22 10:47:00",14304.32
"2017-12-22 10:48:00",14272.1
"2017-12-22 10:49:00",14268.32
"2017-12-22 10:50:00",14281.45
"2017-12-22 10:51:00",14234.72
"2017-12-22 10:52:00",14204.12
"2017-12-22 10:53:00",14148.91
"2017-12-22 10:54:00",14094.39
"2017-12-22 10:55:00",14131.16
"2017-12-22 10:56:00",14097.8
"2017-12-22 10:57:00",14068.89
"2017-12-22 10:58:00",14063.28
"2017-12-22 10:59:00",14108.72
"2017-12-22 11:00:00",14127.36
"2017-12-22 11:01:00",14054.71
"2017-12-22 11:02:00",13962.47
"2017-12-22 11:03:00",13885.14
"2017-12-22 11:04:00",13874.91
"2017-12-22 11:05:00",13846.33
"2017-12-22 11:06:00",13754.62
"2017-12-22 11:07:00",13727.3
"2017-12-22 11:08:00",13809.74
"2017-12-22 11:09:00",13872.14
"2017-12-22 11:10:00",13880.4
"2017-12-22 11:11:00",13923.92
"2017-12-22 11:12:00",13991.31
"2017-12-22 11:13:00",14006.66
"2017-12-22 11:14:00",14025.6
"2017-12-22 11:15:00",14060.92
"2017-12-22 11:16:00",14019.32
"2017-12-22 11:17:00",13988.7
"2017-12-22 11:18:00",13876.65
"2017-12-22 11:19:00",13820.18
"2017-12-22 11:20:00",13821.2
"2017-12-22 11:21:00",13818.47
"2017-12-22 11:22:00",13835.57
"2017-12-22 11:23:00",13831.86
"2017-12-22 11:24:00",13877.66
"2017-12-22 11:25:00",13927.32
"2017-12-22 11:26:00",13919.44
"2017-12-22 11:27:00",13933.46
"2017-12-22 11:28:00",13943.98
"2017-12-22 11:29:00",13956.44
"2017-12-22 11:30:00",13928.22
"2017-12-22 11:31:00",13897.26
"2017-12-22 11:32:00",13872.51
"2017-12-22 11:33:00",13923.48
"2017-12-22 11:34:00",13915.57
"2017-12-22 11:35:00",13866.94
"2017-12-22 11:36:00",13787.23
"2017-12-22 11:37:00",13753.29
"2017-12-22 11:38:00",13735.75
"2017-12-22 11:39:00",13688.08
"2017-12-22 11:40:00",13668.71
"2017-12-22 11:41:00",13662.9
"2017-12-22 11:42:00",13735.44
"2017-12-22 11:43:00",13743.8
"2017-12-22 11:44:00",13731.5
"2017-12-22 11:45:00",13662.46
"2017-12-22 11:46:00",13670.31
"2017-12-22 11:47:00",13691.72
"2017-12-22 11:48:00",13669.66
"2017-12-22 11:49:00",13644.81
"2017-12-22 11:50:00",13616.77
"2017-12-22 11:51:00",13651.5
"2017-12-22 11:52:00",13648.29
"2017-12-22 11:53:00",13659.85
"2017-12-22 11:54:00",13679.51
"2017-12-22 11:55:00",13716.35
"2017-12-22 11:56:00",13747.03
"2017-12-22 11:57:00",13796.09
"2017-12-22 11:58:00",13847.14
"2017-12-22 11:59:00",13878.97
"2017-12-22 12:00:00",13922.89
"2017-12-22 12:01:00",13934.31
"2017-12-22 12:02:00",13883.46
"2017-12-22 12:03:00",13854.45
"2017-12-22 12:04:00",13838.78
"2017-12-22 12:05:00",13824.56
"2017-12-22 12:06:00",13825.4
"2017-12-22 12:07:00",13837.15
"2017-12-22 12:08:00",13864.58
"2017-12-22 12:09:00",13878
"2017-12-22 12:10:00",13878.78
"2017-12-22 12:11:00",13934.08
"2017-12-22 12:12:00",13938.25
"2017-12-22 12:13:00",13952.57
"2017-12-22 12:14:00",13940.41
"2017-12-22 12:15:00",13933.18
"2017-12-22 12:16:00",13911.49
"2017-12-22 12:17:00",13912.85
"2017-12-22 12:18:00",13870.08
"2017-12-22 12:19:00",13858.07
"2017-12-22 12:20:00",13781.36
"2017-12-22 12:21:00",13791.26
"2017-12-22 12:22:00",13808.51
"2017-12-22 12:23:00",13796.35
"2017-12-22 12:24:00",13809.57
"2017-12-22 12:25:00",13800.66
"2017-12-22 12:26:00",13819.9
"2017-12-22 12:27:00",13866.46
"2017-12-22 12:28:00",13889.22
"2017-12-22 12:29:00",13883
"2017-12-22 12:30:00",13881.9
"2017-12-22 12:31:00",13894.58
"2017-12-22 12:32:00",13920.76
"2017-12-22 12:33:00",13965.34
"2017-12-22 12:34:00",13998.8
"2017-12-22 12:35:00",14010.72
"2017-12-22 12:36:00",14042.94
"2017-12-22 12:37:00",14058.42
"2017-12-22 12:38:00",14057.23
"2017-12-22 12:39:00",14043.93
"2017-12-22 12:40:00",14042.46
"2017-12-22 12:41:00",13963.25
"2017-12-22 12:42:00",13911.5
"2017-12-22 12:43:00",13962.82
"2017-12-22 12:44:00",14027.01
"2017-12-22 12:45:00",14041.58
"2017-12-22 12:46:00",13978.48
"2017-12-22 12:47:00",13936.06
"2017-12-22 12:48:00",13917.56
"2017-12-22 12:49:00",13951.54
"2017-12-22 12:50:00",13928.54
"2017-12-22 12:51:00",13934.08
"2017-12-22 12:52:00",13862.98
"2017-12-22 12:53:00",13783.78
"2017-12-22 12:54:00",13718.3
"2017-12-22 12:55:00",13647.26
"2017-12-22 12:56:00",13612.12
"2017-12-22 12:57:00",13555.16
"2017-12-22 12:58:00",13541.05
"2017-12-22 12:59:00",13618.68
"2017-12-22 13:00:00",13636.84
"2017-12-22 13:01:00",13658.12
"2017-12-22 13:02:00",13625.55
"2017-12-22 13:03:00",13576.18
"2017-12-22 13:04:00",13498.54
"2017-12-22 13:05:00",13419.03
"2017-12-22 13:06:00",13291
"2017-12-22 13:07:00",13181.77
"2017-12-22 13:08:00",13208.99
"2017-12-22 13:09:00",13091.95
"2017-12-22 13:10:00",13064.51
"2017-12-22 13:11:00",13090.31
"2017-12-22 13:12:00",13113.25
"2017-12-22 13:13:00",13006.61
"2017-12-22 13:14:00",12900.04
"2017-12-22 13:15:00",12877.29
"2017-12-22 13:16:00",12811.09
"2017-12-22 13:17:00",12773.46
"2017-12-22 13:18:00",12734.64
"2017-12-22 13:19:00",12725.48
"2017-12-22 13:20:00",12783.49
"2017-12-22 13:21:00",12880.11
"2017-12-22 13:22:00",12972.44
"2017-12-22 13:23:00",12928.21
"2017-12-22 13:24:00",12949.18
"2017-12-22 13:25:00",12899.23
"2017-12-22 13:26:00",12850.47
"2017-12-22 13:27:00",12779.54
"2017-12-22 13:28:00",12556.49
"2017-12-22 13:29:00",12497.77
"2017-12-22 13:30:00",12502.12
"2017-12-22 13:31:00",12435.81
"2017-12-22 13:32:00",12614.44
"2017-12-22 13:33:00",12694.51
"2017-12-22 13:34:00",12753.36
"2017-12-22 13:35:00",12828.98
"2017-12-22 13:36:00",12846.88
"2017-12-22 13:37:00",12785.86
"2017-12-22 13:38:00",12661.12
"2017-12-22 13:39:00",12648.62
"2017-12-22 13:40:00",12632.2
"2017-12-22 13:41:00",12652.83
"2017-12-22 13:42:00",12708.31
"2017-12-22 13:43:00",12689.8
"2017-12-22 13:44:00",12683.59
"2017-12-22 13:45:00",12680.59
"2017-12-22 13:46:00",12754.06
"2017-12-22 13:47:00",12780.55
"2017-12-22 13:48:00",12768.42
"2017-12-22 13:49:00",12758.47
"2017-12-22 13:50:00",12730.86
"2017-12-22 13:51:00",12658.06
"2017-12-22 13:52:00",12595.64
"2017-12-22 13:53:00",12547.59
"2017-12-22 13:54:00",12428.63
"2017-12-22 13:55:00",12310.14
"2017-12-22 13:56:00",12389.36
"2017-12-22 13:57:00",12393.22
"2017-12-22 13:58:00",12348.18
"2017-12-22 13:59:00",12186.58
"2017-12-22 14:00:00",12131.18
"2017-12-22 14:01:00",12140.43
"2017-12-22 14:02:00",12189.41
"2017-12-22 14:03:00",12283.8
"2017-12-22 14:04:00",12163.68
"2017-12-22 14:05:00",12083.12
"2017-12-22 14:06:00",11949.83
"2017-12-22 14:07:00",11884.89
"2017-12-22 14:08:00",11776.83
"2017-12-22 14:09:00",11824.07
"2017-12-22 14:10:00",11767.05
"2017-12-22 14:11:00",11744.93
"2017-12-22 14:12:00",11791.8
"2017-12-22 14:13:00",11798.57
"2017-12-22 14:14:00",11713.18
"2017-12-22 14:15:00",11644.59
"2017-12-22 14:16:00",11566.64
"2017-12-22 14:17:00",11498.83
"2017-12-22 14:18:00",11527.01
"2017-12-22 14:19:00",11229.63
"2017-12-22 14:20:00",11123.45
"2017-12-22 14:21:00",11009.47
"2017-12-22 14:22:00",10947.69
"2017-12-22 14:23:00",10834.94
"2017-12-22 14:24:00",11218.66
"2017-12-22 14:25:00",11473.57
"2017-12-22 14:26:00",11513.11
"2017-12-22 14:27:00",11504.88
"2017-12-22 14:28:00",11563.2
"2017-12-22 14:29:00",11835.65
"2017-12-22 14:30:00",11895.44
"2017-12-22 14:31:00",11917.28
"2017-12-22 14:32:00",11782.68
"2017-12-22 14:33:00",11651.52
"2017-12-22 14:34:00",11586.22
"2017-12-22 14:35:00",11686.67
"2017-12-22 14:36:00",11662.05
"2017-12-22 14:37:00",11689.99
"2017-12-22 14:38:00",11811.14
"2017-12-22 14:39:00",11827.1
"2017-12-22 14:40:00",11740.66
"2017-12-22 14:41:00",11648.56
"2017-12-22 14:42:00",11553.62
"2017-12-22 14:43:00",11604.56
"2017-12-22 14:44:00",11692.79
"2017-12-22 14:45:00",11631.9
"2017-12-22 14:46:00",11602.82
"2017-12-22 14:47:00",11578.43
"2017-12-22 14:48:00",11544.97
"2017-12-22 14:49:00",11415.08
"2017-12-22 14:50:00",11301.15
"2017-12-22 14:51:00",11381.51
"2017-12-22 14:52:00",11525.44
"2017-12-22 14:53:00",11678.04
"2017-12-22 14:54:00",11864.93
"2017-12-22 14:55:00",11999.58
"2017-12-22 14:56:00",12122.06
"2017-12-22 14:57:00",12097.65
"2017-12-22 14:58:00",12078.8
"2017-12-22 14:59:00",12148.92
"2017-12-22 15:00:00",12175.54
"2017-12-22 15:01:00",12137.08
"2017-12-22 15:02:00",12160.47
"2017-12-22 15:03:00",12058.33
"2017-12-22 15:04:00",11954.68
"2017-12-22 15:05:00",11904.53
"2017-12-22 15:06:00",12005.38
"2017-12-22 15:07:00",11994.85
"2017-12-22 15:08:00",11941.06
"2017-12-22 15:09:00",12034.73
"2017-12-22 15:10:00",12095.61
"2017-12-22 15:11:00",12181.33
"2017-12-22 15:12:00",12351.44
"2017-12-22 15:13:00",12350.33
"2017-12-22 15:14:00",12336.34
"2017-12-22 15:15:00",12354.5
"2017-12-22 15:16:00",12447.58
"2017-12-22 15:17:00",12533.67
"2017-12-22 15:18:00",12554.91
"2017-12-22 15:19:00",12651.85
"2017-12-22 15:20:00",12720.08
"2017-12-22 15:21:00",12731.55
"2017-12-22 15:22:00",12805.62
"2017-12-22 15:23:00",12843.28
"2017-12-22 15:24:00",12908.19
"2017-12-22 15:25:00",12972.28
"2017-12-22 15:26:00",12983.16
"2017-12-22 15:27:00",12904.79
"2017-12-22 15:28:00",12787.95
"2017-12-22 15:29:00",12906.42
"2017-12-22 15:30:00",12955.58
"2017-12-22 15:31:00",13004.93
"2017-12-22 15:32:00",12962.71
"2017-12-22 15:33:00",12902.56
"2017-12-22 15:34:00",12926.77
"2017-12-22 15:35:00",12936.98
"2017-12-22 15:36:00",12913.42
"2017-12-22 15:37:00",12893.93
"2017-12-22 15:38:00",12873.46
"2017-12-22 15:39:00",12908.34
"2017-12-22 15:40:00",12939.73
"2017-12-22 15:41:00",13039.29
"2017-12-22 15:42:00",13148.04
"2017-12-22 15:43:00",13183.16
"2017-12-22 15:44:00",13197.58
"2017-12-22 15:45:00",13211.97
"2017-12-22 15:46:00",13072.26
"2017-12-22 15:47:00",13100.64
"2017-12-22 15:48:00",13242.17
"2017-12-22 15:49:00",13203.73
"2017-12-22 15:50:00",13212.61
"2017-12-22 15:51:00",13252.61
"2017-12-22 15:52:00",13278.86
"2017-12-22 15:53:00",13234.49
"2017-12-22 15:54:00",13211.64
"2017-12-22 15:55:00",13226.92
"2017-12-22 15:56:00",13217.7
"2017-12-22 15:57:00",13196.88
"2017-12-22 15:58:00",13053.17
"2017-12-22 15:59:00",13084.36
"2017-12-22 16:00:00",13138.18
"2017-12-22 16:01:00",13104.71
"2017-12-22 16:02:00",13077.15
"2017-12-22 16:03:00",12984.17
"2017-12-22 16:04:00",12837.4
"2017-12-22 16:05:00",12697.31
"2017-12-22 16:06:00",12832.57
"2017-12-22 16:07:00",12800.41
"2017-12-22 16:08:00",12737.59
"2017-12-22 16:09:00",12598.26
"2017-12-22 16:10:00",12595.33
"2017-12-22 16:11:00",12655.45
"2017-12-22 16:12:00",12706.59
"2017-12-22 16:13:00",12783.33
"2017-12-22 16:14:00",12808.26
"2017-12-22 16:15:00",12790.88
"2017-12-22 16:16:00",12764.53
"2017-12-22 16:17:00",12721.71
"2017-12-22 16:18:00",12668.03
"2017-12-22 16:19:00",12692.32
"2017-12-22 16:20:00",12583.59
"2017-12-22 16:21:00",12604.62
"2017-12-22 16:22:00",12588.65
"2017-12-22 16:23:00",12618.49
"2017-12-22 16:24:00",12702.95
"2017-12-22 16:25:00",12691.66
"2017-12-22 16:26:00",12662
"2017-12-22 16:27:00",12594.85
"2017-12-22 16:28:00",12417.65
"2017-12-22 16:29:00",12201.2
"2017-12-22 16:30:00",12252.72
"2017-12-22 16:31:00",12380.24
"2017-12-22 16:32:00",12346.08
"2017-12-22 16:33:00",12310.9
"2017-12-22 16:34:00",12342.93
"2017-12-22 16:35:00",12409.93
"2017-12-22 16:36:00",12486.75
"2017-12-22 16:37:00",12553.39
"2017-12-22 16:38:00",12528.47
"2017-12-22 16:39:00",12583.93
"2017-12-22 16:40:00",12607.1
"2017-12-22 16:41:00",12719.99
"2017-12-22 16:42:00",12791.04
"2017-12-22 16:43:00",12815.34
"2017-12-22 16:44:00",12758.46
"2017-12-22 16:45:00",12798.39
"2017-12-22 16:46:00",12819.14
"2017-12-22 16:47:00",12807.45
"2017-12-22 16:48:00",12820.6
"2017-12-22 16:49:00",12835.51
"2017-12-22 16:50:00",12882.42
"2017-12-22 16:51:00",12925.39
"2017-12-22 16:52:00",13014.93
"2017-12-22 16:53:00",12952.15
"2017-12-22 16:54:00",12861.9
"2017-12-22 16:55:00",12878.66
"2017-12-22 16:56:00",12908.46
"2017-12-22 16:57:00",12913.93
"2017-12-22 16:58:00",12835.88
"2017-12-22 16:59:00",12780.45
"2017-12-22 17:00:00",12819.56
"2017-12-22 17:01:00",12760.91
"2017-12-22 17:02:00",12694.73
"2017-12-22 17:03:00",12657.8
"2017-12-22 17:04:00",12740.03
"2017-12-22 17:05:00",12699
"2017-12-22 17:06:00",12757.08
"2017-12-22 17:07:00",12751.58
"2017-12-22 17:08:00",12757.99
"2017-12-22 17:09:00",12749.52
"2017-12-22 17:10:00",12764.32
"2017-12-22 17:11:00",12808.18
"2017-12-22 17:12:00",12831.18
"2017-12-22 17:13:00",12906.81
"2017-12-22 17:14:00",12982.07
"2017-12-22 17:15:00",13009.49
"2017-12-22 17:16:00",13023.45
"2017-12-22 17:17:00",13134.11
"2017-12-22 17:18:00",13094.09
"2017-12-22 17:19:00",13097.71
"2017-12-22 17:20:00",13103.76
"2017-12-22 17:21:00",13049.12
"2017-12-22 17:22:00",13108.64
"2017-12-22 17:23:00",13139.15
"2017-12-22 17:24:00",13191.5
"2017-12-22 17:25:00",13171.67
"2017-12-22 17:26:00",13190.85
"2017-12-22 17:27:00",13208.95
"2017-12-22 17:28:00",13234.12
"2017-12-22 17:29:00",13241.69
"2017-12-22 17:30:00",13191.91
"2017-12-22 17:31:00",13197.68
"2017-12-22 17:32:00",13184.02
"2017-12-22 17:33:00",13123.23
"2017-12-22 17:34:00",13133.55
"2017-12-22 17:35:00",13122.04
"2017-12-22 17:36:00",13107.33
"2017-12-22 17:37:00",13115.07
"2017-12-22 17:38:00",13086.41
"2017-12-22 17:39:00",13030.38
"2017-12-22 17:40:00",12966.74
"2017-12-22 17:41:00",12883.73
"2017-12-22 17:42:00",12891.85
"2017-12-22 17:43:00",12874.3
"2017-12-22 17:44:00",12867.67
"2017-12-22 17:45:00",12832.26
"2017-12-22 17:46:00",12823.14
"2017-12-22 17:47:00",12802.7
"2017-12-22 17:48:00",12792.52
"2017-12-22 17:49:00",12802.69
"2017-12-22 17:50:00",12842.44
"2017-12-22 17:51:00",12851.48
"2017-12-22 17:52:00",12862.9
"2017-12-22 17:53:00",12879.17
"2017-12-22 17:54:00",12853.27
"2017-12-22 17:55:00",12801.6
"2017-12-22 17:56:00",12841.62
"2017-12-22 17:57:00",12899.78
"2017-12-22 17:58:00",12886.8
"2017-12-22 17:59:00",12944.04
"2017-12-22 18:00:00",12935.1
"2017-12-22 18:01:00",12949.65
"2017-12-22 18:02:00",12919.47
"2017-12-22 18:03:00",12895.77
"2017-12-22 18:04:00",12845.46
"2017-12-22 18:05:00",12858.51
"2017-12-22 18:06:00",12793.44
"2017-12-22 18:07:00",12762.94
"2017-12-22 18:08:00",12757.59
"2017-12-22 18:09:00",12748.94
"2017-12-22 18:10:00",12751.59
"2017-12-22 18:11:00",12790.74
"2017-12-22 18:12:00",12790.63
"2017-12-22 18:13:00",12778.29
"2017-12-22 18:14:00",12791.26
"2017-12-22 18:15:00",12808.87
"2017-12-22 18:16:00",12784.15
"2017-12-22 18:17:00",12642.98
"2017-12-22 18:18:00",12724.2
"2017-12-22 18:19:00",12638.5
"2017-12-22 18:20:00",12770.65
"2017-12-22 18:21:00",12747.26
"2017-12-22 18:22:00",12885.17
"2017-12-22 18:23:00",12959.24
"2017-12-22 18:24:00",12908.57
"2017-12-22 18:25:00",12986.97
"2017-12-22 18:26:00",13089.84
"2017-12-22 18:27:00",13048.94
"2017-12-22 18:28:00",13093.83
"2017-12-22 18:29:00",13130.39
"2017-12-22 18:30:00",13065.44
"2017-12-22 18:31:00",13105.83
"2017-12-22 18:32:00",13110.65
"2017-12-22 18:33:00",13151.62
"2017-12-22 18:34:00",13231.98
"2017-12-22 18:35:00",13199.03
"2017-12-22 18:36:00",13338.73
"2017-12-22 18:37:00",13319.33
"2017-12-22 18:38:00",13328.34
"2017-12-22 18:39:00",13291.3
"2017-12-22 18:40:00",13241.29
"2017-12-22 18:41:00",13163.77
"2017-12-22 18:42:00",13225.88
"2017-12-22 18:43:00",13200.68
"2017-12-22 18:44:00",13267.57
"2017-12-22 18:45:00",13272.84
"2017-12-22 18:46:00",13256.07
"2017-12-22 18:47:00",13293.98
"2017-12-22 18:48:00",13315.8
"2017-12-22 18:49:00",13352.95
"2017-12-22 18:50:00",13390.04
"2017-12-22 18:51:00",13434.53
"2017-12-22 18:52:00",13429.94
"2017-12-22 18:53:00",13441.98
"2017-12-22 18:54:00",13335.08
"2017-12-22 18:55:00",13384.2
"2017-12-22 18:56:00",13353.21
"2017-12-22 18:57:00",13371.79
"2017-12-22 18:58:00",13375.57
"2017-12-22 18:59:00",13374.33
"2017-12-22 19:00:00",13387.86
"2017-12-22 19:01:00",13300.27
"2017-12-22 19:02:00",13396.96
"2017-12-22 19:03:00",13402
"2017-12-22 19:04:00",13416.52
"2017-12-22 19:05:00",13432.74
"2017-12-22 19:06:00",13452.44
"2017-12-22 19:07:00",13459.86
"2017-12-22 19:08:00",13481.85
"2017-12-22 19:09:00",13504.98
"2017-12-22 19:10:00",13526.67
"2017-12-22 19:11:00",13531.48
"2017-12-22 19:12:00",13476.43
"2017-12-22 19:13:00",13400.73
"2017-12-22 19:14:00",13318.87
"2017-12-22 19:15:00",13372.11
"2017-12-22 19:16:00",13338.5
"2017-12-22 19:17:00",13231.03
"2017-12-22 19:18:00",13322.94
"2017-12-22 19:19:00",13197.55
"2017-12-22 19:20:00",13197.41
"2017-12-22 19:21:00",13156.36
"2017-12-22 19:22:00",13171.79
"2017-12-22 19:23:00",13170.05
"2017-12-22 19:24:00",13180.18
"2017-12-22 19:25:00",13166.53
"2017-12-22 19:26:00",13154.47
"2017-12-22 19:27:00",13177.74
"2017-12-22 19:28:00",13228.71
"2017-12-22 19:29:00",13257.95
"2017-12-22 19:30:00",13225.29
"2017-12-22 19:31:00",13202.04
"2017-12-22 19:32:00",13164.99
"2017-12-22 19:33:00",13134.34
"2017-12-22 19:34:00",13129.31
"2017-12-22 19:35:00",13157.76
"2017-12-22 19:36:00",13157.48
"2017-12-22 19:37:00",13155.19
"2017-12-22 19:38:00",13004.06
"2017-12-22 19:39:00",12913.94
"2017-12-22 19:40:00",12970.36
"2017-12-22 19:41:00",12994.76
"2017-12-22 19:42:00",13016.12
"2017-12-22 19:43:00",12930.59
"2017-12-22 19:44:00",12908.72
"2017-12-22 19:45:00",12958.76
"2017-12-22 19:46:00",12975.67
"2017-12-22 19:47:00",12982.82
"2017-12-22 19:48:00",13045.29
"2017-12-22 19:49:00",13097.73
"2017-12-22 19:50:00",13152.44
"2017-12-22 19:51:00",13094.81
"2017-12-22 19:52:00",13125.49
"2017-12-22 19:53:00",13079.6
"2017-12-22 19:54:00",13133.03
"2017-12-22 19:55:00",13133.39
"2017-12-22 19:56:00",13134.9
"2017-12-22 19:57:00",13137.25
"2017-12-22 19:58:00",13166.86
"2017-12-22 19:59:00",13216.75
"2017-12-22 20:00:00",13228.77
"2017-12-22 20:01:00",13255.8
"2017-12-22 20:02:00",13244.53
"2017-12-22 20:03:00",13238.19
"2017-12-22 20:04:00",13257.94
"2017-12-22 20:05:00",13226.09
"2017-12-22 20:06:00",13215.68
"2017-12-22 20:07:00",13214.48
"2017-12-22 20:08:00",13190.82
"2017-12-22 20:09:00",13219.42
"2017-12-22 20:10:00",13238.61
"2017-12-22 20:11:00",13276.32
"2017-12-22 20:12:00",13271.79
"2017-12-22 20:13:00",13345.14
"2017-12-22 20:14:00",13372.03
"2017-12-22 20:15:00",13401.93
"2017-12-22 20:16:00",13394.75
"2017-12-22 20:17:00",13443.85
"2017-12-22 20:18:00",13538.18
"2017-12-22 20:19:00",13582.01
"2017-12-22 20:20:00",13605.25
"2017-12-22 20:21:00",13572.43
"2017-12-22 20:22:00",13558.29
"2017-12-22 20:23:00",13545.96
"2017-12-22 20:24:00",13558.38
"2017-12-22 20:25:00",13514.54
"2017-12-22 20:26:00",13599.5
"2017-12-22 20:27:00",13583.89
"2017-12-22 20:28:00",13506.14
"2017-12-22 20:29:00",13573.48
"2017-12-22 20:30:00",13596.58
"2017-12-22 20:31:00",13629.18
"2017-12-22 20:32:00",13658.54
"2017-12-22 20:33:00",13696.12
"2017-12-22 20:34:00",13671.57
"2017-12-22 20:35:00",13711.2
"2017-12-22 20:36:00",13748.64
"2017-12-22 20:37:00",13815.4
"2017-12-22 20:38:00",13920.62
"2017-12-22 20:39:00",13979.01
"2017-12-22 20:40:00",14053.21
"2017-12-22 20:41:00",14042.84
"2017-12-22 20:42:00",14002.42
"2017-12-22 20:43:00",14057.59
"2017-12-22 20:44:00",14123.66
"2017-12-22 20:45:00",14137.3
"2017-12-22 20:46:00",14173.9
"2017-12-22 20:47:00",14190.4
"2017-12-22 20:48:00",14250.79
"2017-12-22 20:49:00",14137.73
"2017-12-22 20:50:00",14040.63
"2017-12-22 20:51:00",14124.22
"2017-12-22 20:52:00",14099.14
"2017-12-22 20:53:00",14116.96
"2017-12-22 20:54:00",14080.09
"2017-12-22 20:55:00",14113.31
"2017-12-22 20:56:00",14167.63
"2017-12-22 20:57:00",14232.76
"2017-12-22 20:58:00",14293.58
"2017-12-22 20:59:00",14306.29
"2017-12-22 21:00:00",14350.89
"2017-12-22 21:01:00",14324.5
"2017-12-22 21:02:00",14273.37
"2017-12-22 21:03:00",14250.05
"2017-12-22 21:04:00",14253.95
"2017-12-22 21:05:00",14281.68
"2017-12-22 21:06:00",14233.14
"2017-12-22 21:07:00",14218.69
"2017-12-22 21:08:00",14169.62
"2017-12-22 21:09:00",14072.01
"2017-12-22 21:10:00",14048.06
"2017-12-22 21:11:00",14059.88
"2017-12-22 21:12:00",14050.32
"2017-12-22 21:13:00",14073.37
"2017-12-22 21:14:00",14064.1
"2017-12-22 21:15:00",14064.43
"2017-12-22 21:16:00",14050.34
"2017-12-22 21:17:00",13971.4
"2017-12-22 21:18:00",13991.77
"2017-12-22 21:19:00",14027.86
"2017-12-22 21:20:00",14024.6
"2017-12-22 21:21:00",14017.33
"2017-12-22 21:22:00",14032.1
"2017-12-22 21:23:00",14069.43
"2017-12-22 21:24:00",14141.34
"2017-12-22 21:25:00",14139
"2017-12-22 21:26:00",14164.92
"2017-12-22 21:27:00",14109.99
"2017-12-22 21:28:00",14117.45
"2017-12-22 21:29:00",14165.48
"2017-12-22 21:30:00",14180.82
"2017-12-22 21:31:00",14039.7
"2017-12-22 21:32:00",14222.71
"2017-12-22 21:33:00",14236.15
"2017-12-22 21:34:00",14235.88
"2017-12-22 21:35:00",14240.67
"2017-12-22 21:36:00",14251.11
"2017-12-22 21:37:00",14251.9
"2017-12-22 21:38:00",14326.74
"2017-12-22 21:39:00",14347.43
"2017-12-22 21:40:00",14362.27
"2017-12-22 21:41:00",14380.82
"2017-12-22 21:42:00",14377.29
"2017-12-22 21:43:00",14326.19
"2017-12-22 21:44:00",14310.5
"2017-12-22 21:45:00",14358.41
"2017-12-22 21:46:00",14388.22
"2017-12-22 21:47:00",14369.84
"2017-12-22 21:48:00",14360.29
"2017-12-22 21:49:00",14378.98
"2017-12-22 21:50:00",14364.4
"2017-12-22 21:51:00",14296.48
"2017-12-22 21:52:00",14142.39
"2017-12-22 21:53:00",14171.91
"2017-12-22 21:54:00",14200.71
"2017-12-22 21:55:00",14219.27
"2017-12-22 21:56:00",14158.57
"2017-12-22 21:57:00",14157.45
"2017-12-22 21:58:00",14137.75
"2017-12-22 21:59:00",14112.09
"2017-12-22 22:00:00",14115.23
"2017-12-22 22:01:00",14152.22
"2017-12-22 22:02:00",14204.29
"2017-12-22 22:03:00",14232.63
"2017-12-22 22:04:00",14237.62
"2017-12-22 22:05:00",14236.62
"2017-12-22 22:06:00",14268.1
"2017-12-22 22:07:00",14270.06
"2017-12-22 22:08:00",14273.48
"2017-12-22 22:09:00",14264.19
"2017-12-22 22:10:00",14265.2
"2017-12-22 22:11:00",14233.82
"2017-12-22 22:12:00",14258.06
"2017-12-22 22:13:00",14237.35
"2017-12-22 22:14:00",14236.49
"2017-12-22 22:15:00",14258.14
"2017-12-22 22:16:00",14258.4
"2017-12-22 22:17:00",14282.04
"2017-12-22 22:18:00",14305.83
"2017-12-22 22:19:00",14309.06
"2017-12-22 22:20:00",14309.3
"2017-12-22 22:21:00",14305.63
"2017-12-22 22:22:00",14335.96
"2017-12-22 22:23:00",14341.21
"2017-12-22 22:24:00",14354.3
"2017-12-22 22:25:00",14421.54
"2017-12-22 22:26:00",14495.68
"2017-12-22 22:27:00",14491.7
"2017-12-22 22:28:00",14489.81
"2017-12-22 22:29:00",14436.81
"2017-12-22 22:30:00",14446.66
"2017-12-22 22:31:00",14441.93
"2017-12-22 22:32:00",14444.85
"2017-12-22 22:33:00",14457.7
"2017-12-22 22:34:00",14477.71
"2017-12-22 22:35:00",14480.24
"2017-12-22 22:36:00",14475.43
"2017-12-22 22:37:00",14353.56
"2017-12-22 22:38:00",14562.33
"2017-12-22 22:39:00",14635.56
"2017-12-22 22:40:00",14697.77
"2017-12-22 22:41:00",14748.86
"2017-12-22 22:42:00",14739.79
"2017-12-22 22:43:00",14704.32
"2017-12-22 22:44:00",14707.32
"2017-12-22 22:45:00",14736.81
"2017-12-22 22:46:00",14760.71
"2017-12-22 22:47:00",14767.85
"2017-12-22 22:48:00",14810.07
"2017-12-22 22:49:00",14828.7
"2017-12-22 22:50:00",14870.2
"2017-12-22 22:51:00",14900.44
"2017-12-22 22:52:00",14917.05
"2017-12-22 22:53:00",14861.53
"2017-12-22 22:54:00",14842.02
"2017-12-22 22:55:00",14864.92
"2017-12-22 22:56:00",14865.54
"2017-12-22 22:57:00",14950.15
"2017-12-22 22:58:00",14894.36
"2017-12-22 22:59:00",14956.81
"2017-12-22 23:00:00",14976.26
"2017-12-22 23:01:00",14937.28
"2017-12-22 23:02:00",14873.51
"2017-12-22 23:03:00",14853.64
"2017-12-22 23:04:00",14799.27
"2017-12-22 23:05:00",14723.82
"2017-12-22 23:06:00",14642.62
"2017-12-22 23:07:00",14712.14
"2017-12-22 23:08:00",14716.7
"2017-12-22 23:09:00",14698.81
"2017-12-22 23:10:00",14690.68
"2017-12-22 23:11:00",14686.86
"2017-12-22 23:12:00",14705.68
"2017-12-22 23:13:00",14745.15
"2017-12-22 23:14:00",14732.92
"2017-12-22 23:15:00",14726.38
"2017-12-22 23:16:00",14717.52
"2017-12-22 23:17:00",14721.07
"2017-12-22 23:18:00",14719.21
"2017-12-22 23:19:00",14734.74
"2017-12-22 23:20:00",14762.83
"2017-12-22 23:21:00",14772.82
"2017-12-22 23:22:00",14790.24
"2017-12-22 23:23:00",14783.64
"2017-12-22 23:24:00",14709.57
"2017-12-22 23:25:00",14678.17
"2017-12-22 23:26:00",14665.09
"2017-12-22 23:27:00",14499.3
"2017-12-22 23:28:00",14279.61
"2017-12-22 23:29:00",14219.02
"2017-12-22 23:30:00",14001.24
"2017-12-22 23:31:00",14054.84
"2017-12-22 23:32:00",14176.55
"2017-12-22 23:33:00",14236.04
"2017-12-22 23:34:00",14204.97
"2017-12-22 23:35:00",14025.63
"2017-12-22 23:36:00",14004.74
"2017-12-22 23:37:00",14134.5
"2017-12-22 23:38:00",14001.22
"2017-12-22 23:39:00",13804.05
"2017-12-22 23:40:00",13748.97
"2017-12-22 23:41:00",13722.31
"2017-12-22 23:42:00",13697.63
"2017-12-22 23:43:00",13694.51
"2017-12-22 23:44:00",13570.27
"2017-12-22 23:45:00",13516.51
"2017-12-22 23:46:00",13589.42
"2017-12-22 23:47:00",13717.08
"2017-12-22 23:48:00",13594.68
"2017-12-22 23:49:00",13522.35
"2017-12-22 23:50:00",13680.69
"2017-12-22 23:51:00",13748.35
"2017-12-22 23:52:00",13869.19
"2017-12-22 23:53:00",13795.67
"2017-12-22 23:54:00",13667.17
"2017-12-22 23:55:00",13781.86
"2017-12-22 23:56:00",13801.17
"2017-12-22 23:57:00",13863.31
"2017-12-22 23:58:00",13866.83
"2017-12-22 23:59:00",13861.98
